jenis_bahan_bangunan,satuan,harga_satuan,kelompok_bahan,cabang_itb
Pasir Urug ,m3,107600.00,"AGREGAT KASAR, BAHAN PEREKAT DAN BAHAN JADINYA",Cirebon
Sirtu ,m3,130500.00,"AGREGAT KASAR, BAHAN PEREKAT DAN BAHAN JADINYA",Cirebon
Pasir Teras ,m3,164560.00,"AGREGAT KASAR, BAHAN PEREKAT DAN BAHAN JADINYA",Cirebon
Pasir Pasang Kali ,m3,253600.00,"AGREGAT KASAR, BAHAN PEREKAT DAN BAHAN JADINYA",Cirebon
Pasir Beton ,m3,314000.00,"AGREGAT KASAR, BAHAN PEREKAT DAN BAHAN JADINYA",Cirebon
Abu Batu ,m3,136000.00,"AGREGAT KASAR, BAHAN PEREKAT DAN BAHAN JADINYA",Cirebon
Batu Gosok (Apung) ,kg,10580.00,"AGREGAT KASAR, BAHAN PEREKAT DAN BAHAN JADINYA",Cirebon
Batu Pecah Mesin 1/2 ,m3,168000.00,"AGREGAT KASAR, BAHAN PEREKAT DAN BAHAN JADINYA",Cirebon
Batu Pecah Mesin 2/3,m3,195120.00,"AGREGAT KASAR, BAHAN PEREKAT DAN BAHAN JADINYA",Cirebon
Batu Pecah Mesin 3/5,m3,181570.00,"AGREGAT KASAR, BAHAN PEREKAT DAN BAHAN JADINYA",Cirebon
Batu Pecah Mesin 5/7,m3,155050.00,"AGREGAT KASAR, BAHAN PEREKAT DAN BAHAN JADINYA",Cirebon
Batu Belah Pondasi ,m3,110000.00,"AGREGAT KASAR, BAHAN PEREKAT DAN BAHAN JADINYA",Cirebon
Batu Bronjol (Untuk Bronjong),m3,130000.00,"AGREGAT KASAR, BAHAN PEREKAT DAN BAHAN JADINYA",Cirebon
Batu Koral Beton Kali ,m3,148100.00,"AGREGAT KASAR, BAHAN PEREKAT DAN BAHAN JADINYA",Cirebon
Batu Tempel Hitam ,m2,72600.00,"AGREGAT KASAR, BAHAN PEREKAT DAN BAHAN JADINYA",Cirebon
Batu Pinggir Beton 10x20x35,bh,26800.00,"AGREGAT KASAR, BAHAN PEREKAT DAN BAHAN JADINYA",Cirebon
Batu Pinggir Beton 15x35x50 (K-225),bh,48750.00,"AGREGAT KASAR, BAHAN PEREKAT DAN BAHAN JADINYA",Cirebon
Batu Telor ,m3,102850.00,"AGREGAT KASAR, BAHAN PEREKAT DAN BAHAN JADINYA",Cirebon
Batako Kecil 8x10x20,bh,1370.00,"AGREGAT KASAR, BAHAN PEREKAT DAN BAHAN JADINYA",Cirebon
Batako Besar 8x20x30,bh,2470.00,"AGREGAT KASAR, BAHAN PEREKAT DAN BAHAN JADINYA",Cirebon
Con Blok 8x20x40,bh,4950.00,"AGREGAT KASAR, BAHAN PEREKAT DAN BAHAN JADINYA",Cirebon
Bata Merah Bakar kelas I,bh,1100.00,"AGREGAT KASAR, BAHAN PEREKAT DAN BAHAN JADINYA",Cirebon
Bata Merah Bakar kelas II,bh,1100.00,"AGREGAT KASAR, BAHAN PEREKAT DAN BAHAN JADINYA",Cirebon
Bata Merah Oven (Klingker),bh,1100.00,"AGREGAT KASAR, BAHAN PEREKAT DAN BAHAN JADINYA",Cirebon
Rooster Beton 20x20 ,bh,8600.00,"AGREGAT KASAR, BAHAN PEREKAT DAN BAHAN JADINYA",Cirebon
Rooster Beton 30x30,bh,8600.00,"AGREGAT KASAR, BAHAN PEREKAT DAN BAHAN JADINYA",Cirebon
Grass Blok 20x20,bh,5940.00,"AGREGAT KASAR, BAHAN PEREKAT DAN BAHAN JADINYA",Cirebon
Grass Blok 30x45,bh,6600.00,"AGREGAT KASAR, BAHAN PEREKAT DAN BAHAN JADINYA",Cirebon
Paving Blok Natural 8cm ,m2,109440.00,"AGREGAT KASAR, BAHAN PEREKAT DAN BAHAN JADINYA",Cirebon
Paving Blok Warna 8cm ,m2,119370.00,"AGREGAT KASAR, BAHAN PEREKAT DAN BAHAN JADINYA",Cirebon
Paving Blok Natural  6cm ,m2,100980.00,"AGREGAT KASAR, BAHAN PEREKAT DAN BAHAN JADINYA",Cirebon
Paving Blok Warna 6cm ,m2,110000.00,"AGREGAT KASAR, BAHAN PEREKAT DAN BAHAN JADINYA",Cirebon
Kanstin Paving Blok ,m1,26800.00,"AGREGAT KASAR, BAHAN PEREKAT DAN BAHAN JADINYA",Cirebon
Semen PC Tiga Roda / 50 kg,zak,80900.00,"AGREGAT KASAR, BAHAN PEREKAT DAN BAHAN JADINYA",Cirebon
Semen Putih ,zak,95000.00,"AGREGAT KASAR, BAHAN PEREKAT DAN BAHAN JADINYA",Cirebon
Kanstin Jalan Ukuran Besar (Bina Marga) 1bh = 60 cm ,bh,27500.00,"AGREGAT KASAR, BAHAN PEREKAT DAN BAHAN JADINYA",Cirebon
"Readymix Beton K 300, tanpa Pompa (selang) ",m3,1026400.00,"AGREGAT KASAR, BAHAN PEREKAT DAN BAHAN JADINYA",Cirebon
"Readymix Beton K 225, tanpa Pompa (selang) ",m3,966000.00,"AGREGAT KASAR, BAHAN PEREKAT DAN BAHAN JADINYA",Cirebon
"Readymix Beton K 175, tanpa Pompa (selang) ",m3,905700.00,"AGREGAT KASAR, BAHAN PEREKAT DAN BAHAN JADINYA",Cirebon
Kapur Pasang/Kapur Tembok ,m3,99770.00,"AGREGAT KASAR, BAHAN PEREKAT DAN BAHAN JADINYA",Cirebon
Beton Siklop,kg,2527467.00,"AGREGAT KASAR, BAHAN PEREKAT DAN BAHAN JADINYA",Cirebon
semen warna ,kg,3800.00,"AGREGAT KASAR, BAHAN PEREKAT DAN BAHAN JADINYA",Cirebon
Tanah Liat,m3,114800.00,"AGREGAT KASAR, BAHAN PEREKAT DAN BAHAN JADINYA",Cirebon
Air ,m3,6000.00,"AGREGAT KASAR, BAHAN PEREKAT DAN BAHAN JADINYA",Cirebon
Plamir Tembok ,kg,20800.00,"BAHAN FIHISHING : LABURAN, PENGISI DAN ALATNYA ",Cirebon
Cat Tembok ICI Eksterior,kg,86000.00,"BAHAN FIHISHING : LABURAN, PENGISI DAN ALATNYA ",Cirebon
Cat Tembok ICI Interior,kg,54800.00,"BAHAN FIHISHING : LABURAN, PENGISI DAN ALATNYA ",Cirebon
Cat Tembok Vinilex ,kg,30200.00,"BAHAN FIHISHING : LABURAN, PENGISI DAN ALATNYA ",Cirebon
Cat Tembok Catylac Eksterior,ltr,187550.00,"BAHAN FIHISHING : LABURAN, PENGISI DAN ALATNYA ",Cirebon
Cat Tembok Sanlex,kg,110000.00,"BAHAN FIHISHING : LABURAN, PENGISI DAN ALATNYA ",Cirebon
Cat Tahan Asam ,kg,118150.00,"BAHAN FIHISHING : LABURAN, PENGISI DAN ALATNYA ",Cirebon
Cat Tembok Catylac Interior,ltr,175450.00,"BAHAN FIHISHING : LABURAN, PENGISI DAN ALATNYA ",Cirebon
Cat Marka/ Spotlight ,kg,107030.00,"BAHAN FIHISHING : LABURAN, PENGISI DAN ALATNYA ",Cirebon
Waterprofing Emulsion ,kg,99700.00,"BAHAN FIHISHING : LABURAN, PENGISI DAN ALATNYA ",Cirebon
Waterprofing Membrance,m2,78650.00,"BAHAN FIHISHING : LABURAN, PENGISI DAN ALATNYA ",Cirebon
Rol Cat tembok ,bh,30250.00,"BAHAN FIHISHING : LABURAN, PENGISI DAN ALATNYA ",Cirebon
Kape Tembok ,bh,11000.00,"BAHAN FIHISHING : LABURAN, PENGISI DAN ALATNYA ",Cirebon
Kape Kayu ,bh,10450.00,"BAHAN FIHISHING : LABURAN, PENGISI DAN ALATNYA ",Cirebon
Soligneum 1 blok ,5ltr,6750.00,"BAHAN FIHISHING : LABURAN, PENGISI DAN ALATNYA ",Cirebon
Plincote,kg,31000.00,"BAHAN FIHISHING : LABURAN, PENGISI DAN ALATNYA ",Cirebon
Cat dasar Jembatan,m3,51200.00,"BAHAN FIHISHING : LABURAN, PENGISI DAN ALATNYA ",Cirebon
Cat Tembok Wiratex,m3,45000.00,"BAHAN FIHISHING : LABURAN, PENGISI DAN ALATNYA ",Cirebon
Kuas 3",bh,12500.00,"BAHAN FIHISHING : LABURAN, PENGISI DAN ALATNYA ",Cirebon
Oten (pewarna Plitur),kg,8250.00,"BAHAN FIHISHING : LABURAN, PENGISI DAN ALATNYA ",Cirebon
Glass Blead,bks,19480.00,"BAHAN FIHISHING : LABURAN, PENGISI DAN ALATNYA ",Cirebon
Thermo Plastic,bks,37180.00,"BAHAN FIHISHING : LABURAN, PENGISI DAN ALATNYA ",Cirebon
Spiritus ,ltr,9333.00,"BAHAN FIHISHING : LABURAN, PENGISI DAN ALATNYA ",Cirebon
Oker Putih,kg,19250.00,"BAHAN FIHISHING : LABURAN, PENGISI DAN ALATNYA ",Cirebon
Dempul lilin,kg,7860.00,"BAHAN FIHISHING : LABURAN, PENGISI DAN ALATNYA ",Cirebon
Dempul Plitur ,kg,31430.00,"BAHAN FIHISHING : LABURAN, PENGISI DAN ALATNYA ",Cirebon
Dempul Plastik ,kg,31284.00,"BAHAN FIHISHING : LABURAN, PENGISI DAN ALATNYA ",Cirebon
Terpentin ,ltr,10650.00,"BAHAN FIHISHING : LABURAN, PENGISI DAN ALATNYA ",Cirebon
Tiner A,ltr,32600.00,"BAHAN FIHISHING : LABURAN, PENGISI DAN ALATNYA ",Cirebon
Tiner B,ltr,32600.00,"BAHAN FIHISHING : LABURAN, PENGISI DAN ALATNYA ",Cirebon
Kumpon ,kg,46970.00,"BAHAN FIHISHING : LABURAN, PENGISI DAN ALATNYA ",Cirebon
Melamik ,kg,42350.00,"BAHAN FIHISHING : LABURAN, PENGISI DAN ALATNYA ",Cirebon
Plitur Jadi DX,kg,66300.00,"BAHAN FIHISHING : LABURAN, PENGISI DAN ALATNYA ",Cirebon
Plitur Jadi Ultran,kg,52250.00,"BAHAN FIHISHING : LABURAN, PENGISI DAN ALATNYA ",Cirebon
Ampelas ,lbr,7300.00,"BAHAN FIHISHING : LABURAN, PENGISI DAN ALATNYA ",Cirebon
Dempul Kayu Cap Kucing ,kg,21578.00,"BAHAN FIHISHING : LABURAN, PENGISI DAN ALATNYA ",Cirebon
Meni Kayu/ Besi ,kg,48100.00,"BAHAN FIHISHING : LABURAN, PENGISI DAN ALATNYA ",Cirebon
Sincromat,kg,54690.00,"BAHAN FIHISHING : LABURAN, PENGISI DAN ALATNYA ",Cirebon
Cat Kayu Sieve ,kg,49500.00,"BAHAN FIHISHING : LABURAN, PENGISI DAN ALATNYA ",Cirebon
Cat Besi  Sieve ,kg,49500.00,"BAHAN FIHISHING : LABURAN, PENGISI DAN ALATNYA ",Cirebon
Vernis,kg,33000.00,"BAHAN FIHISHING : LABURAN, PENGISI DAN ALATNYA ",Cirebon
Cat Bron ,kg,59180.00,"BAHAN FIHISHING : LABURAN, PENGISI DAN ALATNYA ",Cirebon
Bambu dia 5 s/d 7,bt,14500.00,BAHAN KAYU BERIKUT BAHAN JADINYA ,Cirebon
Bambu dia. 7 s.d. 10,bt,14500.00,BAHAN KAYU BERIKUT BAHAN JADINYA ,Cirebon
Bambu gombong,bt,0.00,BAHAN KAYU BERIKUT BAHAN JADINYA ,Cirebon
Kayu papan terlentang,m3,2257500.00,BAHAN KAYU BERIKUT BAHAN JADINYA ,Cirebon
kayu kamper singkil / kapur (K. samarinda kelas II),m3,6365000.00,BAHAN KAYU BERIKUT BAHAN JADINYA ,Cirebon
Kayu balok borneo super,m3,6628700.00,BAHAN KAYU BERIKUT BAHAN JADINYA ,Cirebon
kayu papan borneo super,m3,6628700.00,BAHAN KAYU BERIKUT BAHAN JADINYA ,Cirebon
kayu balok kamper medan (kruing),m3,6533300.00,BAHAN KAYU BERIKUT BAHAN JADINYA ,Cirebon
kayu papan kamper medan (kruing),m3,9300400.00,BAHAN KAYU BERIKUT BAHAN JADINYA ,Cirebon
kayu balok kamper banjar,m3,6050000.00,BAHAN KAYU BERIKUT BAHAN JADINYA ,Cirebon
kayu papan kamper banjar,m3,6352000.00,BAHAN KAYU BERIKUT BAHAN JADINYA ,Cirebon
kayu balok kamper samarinda,m3,8293000.00,BAHAN KAYU BERIKUT BAHAN JADINYA ,Cirebon
kayu papann kamper samarinda,m3,9018000.00,BAHAN KAYU BERIKUT BAHAN JADINYA ,Cirebon
kayu balok rasamala,m3,2707700.00,BAHAN KAYU BERIKUT BAHAN JADINYA ,Cirebon
kayu jati jatim / jateng tua dia. 70 cm,m3,25271000.00,BAHAN KAYU BERIKUT BAHAN JADINYA ,Cirebon
kayu jati jatim / jateng tua dia. 40 cm,m3,25271000.00,BAHAN KAYU BERIKUT BAHAN JADINYA ,Cirebon
kayu jati jabar tua dia. 40 cm,m3,17049200.00,BAHAN KAYU BERIKUT BAHAN JADINYA ,Cirebon
kayu jati jabar tua dia. 40 cm kebawah,m3,17049200.00,BAHAN KAYU BERIKUT BAHAN JADINYA ,Cirebon
"kayu hutan kelas I (segeng, mahoni, laban)",m3,2707700.00,BAHAN KAYU BERIKUT BAHAN JADINYA ,Cirebon
Kayu albasia,m3,2707700.00,BAHAN KAYU BERIKUT BAHAN JADINYA ,Cirebon
dolken 5 s.d. 7,bt,131500.00,BAHAN KAYU BERIKUT BAHAN JADINYA ,Cirebon
dolken 7 s.d. 10,bt,131500.00,BAHAN KAYU BERIKUT BAHAN JADINYA ,Cirebon
list profil kamper 1x1cm,m1,8450.00,BAHAN KAYU BERIKUT BAHAN JADINYA ,Cirebon
list profil kamper 2x1cm,m1,8450.00,BAHAN KAYU BERIKUT BAHAN JADINYA ,Cirebon
list profil kamper 4x1cm,m1,8450.00,BAHAN KAYU BERIKUT BAHAN JADINYA ,Cirebon
list profil kamper 5x1cm,m1,8450.00,BAHAN KAYU BERIKUT BAHAN JADINYA ,Cirebon
list profil kamper 10x1.5cm,m1,22385.00,BAHAN KAYU BERIKUT BAHAN JADINYA ,Cirebon
pegangan tangga profil jati,m1,129800.00,BAHAN KAYU BERIKUT BAHAN JADINYA ,Cirebon
pegangan tangga profil kamper,m1,41140.00,BAHAN KAYU BERIKUT BAHAN JADINYA ,Cirebon
kayu reng 2/3 borneo super,m1,3088.20,BAHAN KAYU BERIKUT BAHAN JADINYA ,Cirebon
kayu reng 2/3 kamper banjar,m1,3811.20,BAHAN KAYU BERIKUT BAHAN JADINYA ,Cirebon
kayu reng 3/4 kamper banjar,m1,7622.40,BAHAN KAYU BERIKUT BAHAN JADINYA ,Cirebon
Bahan plafond eternit 4mm (bola dunia),m2,14000.00,BAHAN PENUTUP RANGKA PLAFOND,Cirebon
Bahan plafond harflex 5mm 120x240,lbr,92400.00,BAHAN PENUTUP RANGKA PLAFOND,Cirebon
GRC,m2,77300.00,BAHAN PENUTUP RANGKA PLAFOND,Cirebon
Gypsum 120x240 t=9mm ex. DN (jayaboard),lbr,64130.00,BAHAN PENUTUP RANGKA PLAFOND,Cirebon
Gypsum 120x240 t=9mm ex. Luar,lbr,96250.00,BAHAN PENUTUP RANGKA PLAFOND,Cirebon
akustik amstrong 60x120,lbr,18970.00,BAHAN PENUTUP RANGKA PLAFOND,Cirebon
"list profil gypsum, L=10cm",m1,13310.00,BAHAN PENUTUP RANGKA PLAFOND,Cirebon
list gypsum 14cm,kg,18150.00,BAHAN PENUTUP RANGKA PLAFOND,Cirebon
Tripleks 3mm 120x240,lbr,84400.00,BAHAN KAYU LAPIS,Cirebon
Tripleks 4mm 120x240,lbr,102300.00,BAHAN KAYU LAPIS,Cirebon
Tripleks 4mm uk. Pintu,lbr,55000.00,BAHAN KAYU LAPIS,Cirebon
Tripleks 6mm 120x240,lbr,131500.00,BAHAN KAYU LAPIS,Cirebon
Tripleks 9mm 120x240,lbr,186600.00,BAHAN KAYU LAPIS,Cirebon
Jabar wood 4mm,lbr,104500.00,BAHAN KAYU LAPIS,Cirebon
Bilik bambu (tanpa kulit),m2,39050.00,BAHAN KAYU LAPIS,Cirebon
Bilik bambu (dengan kulit),m2,81070.00,BAHAN KAYU LAPIS,Cirebon
bilik bambu hitam variasi (motif),m2,27500.00,BAHAN KAYU LAPIS,Cirebon
wallpaper (kelas menengah),m2,33300.00,BAHAN KAYU LAPIS,Cirebon
wallpaper biasa 050x1000,roll,166500.00,BAHAN KAYU LAPIS,Cirebon
multipleks 9mm 120x240,lbr,186600.00,BAHAN KAYU LAPIS,Cirebon
multipleks 12mm 120x240,lbr,272000.00,BAHAN KAYU LAPIS,Cirebon
multipleks 18mm 120x240,lbr,376500.00,BAHAN KAYU LAPIS,Cirebon
plywood 18mm 120x240,lbr,149600.00,BAHAN KAYU LAPIS,Cirebon
teakwood 3mm 120x240,lbr,156300.00,BAHAN KAYU LAPIS,Cirebon
teakwood 4mm 120x240,lbr,236000.00,BAHAN KAYU LAPIS,Cirebon
teakwood 3mm untuk pintu,lbr,88000.00,BAHAN KAYU LAPIS,Cirebon
teakwood 4mm untuk pintu,lbr,107800.00,BAHAN KAYU LAPIS,Cirebon
softboard 120x240,m2,48400.00,BAHAN KAYU LAPIS,Cirebon
partikel board 120x240,m2,102850.00,BAHAN KAYU LAPIS,Cirebon
melamin 4mm 120x240,lbr,133100.00,BAHAN KAYU LAPIS,Cirebon
melamin TOK 4mm,lbr,112000.00,BAHAN KAYU LAPIS,Cirebon
Formika 120x240,lbr,210200.00,BAHAN KAYU LAPIS,Cirebon
Formika ukuran pintu,lbr,129470.00,BAHAN KAYU LAPIS,Cirebon
Tegel PC 20x20,bh,4900.00,BAHAN LANTAI DAN PELAPIS DINDING,Cirebon
Plint tegel PC 10x20,bh,2450.00,BAHAN LANTAI DAN PELAPIS DINDING,Cirebon
Tegel PC 30x30,bh,4900.00,BAHAN LANTAI DAN PELAPIS DINDING,Cirebon
Plint tegel PC 15x30,bh,2450.00,BAHAN LANTAI DAN PELAPIS DINDING,Cirebon
Tegel warna 20x20,bh,4900.00,BAHAN LANTAI DAN PELAPIS DINDING,Cirebon
Plint tegel warna 10x20,bh,2450.00,BAHAN LANTAI DAN PELAPIS DINDING,Cirebon
Tegel warna 30x30,bh,4900.00,BAHAN LANTAI DAN PELAPIS DINDING,Cirebon
Plint tegel warna 15x30,bh,2450.00,BAHAN LANTAI DAN PELAPIS DINDING,Cirebon
tegel wafel PC 20x20,bh,4900.00,BAHAN LANTAI DAN PELAPIS DINDING,Cirebon
Tegel wafel warna 20x20,bh,1225.00,BAHAN LANTAI DAN PELAPIS DINDING,Cirebon
Tegel badak PC 30x30,bh,4900.00,BAHAN LANTAI DAN PELAPIS DINDING,Cirebon
Poslin 11x11 warna standard DN,m2,59350.00,BAHAN LANTAI DAN PELAPIS DINDING,Cirebon
Poslin 11x11 warna khusus DN,m2,63525.00,BAHAN LANTAI DAN PELAPIS DINDING,Cirebon
kermaik 10x20 dan 20x20 KW I DN putih/polos,m2,51900.00,BAHAN LANTAI DAN PELAPIS DINDING,Cirebon
keramik 10x20 KW I DN Corak/warna/antislip,m2,57200.00,BAHAN LANTAI DAN PELAPIS DINDING,Cirebon
keramik 20x20 (KM) KW I DN Corak/warna/antislip,m2,58960.00,BAHAN LANTAI DAN PELAPIS DINDING,Cirebon
keramik 20x20 (KM) KW I DN Putih polos,m2,51900.00,BAHAN LANTAI DAN PELAPIS DINDING,Cirebon
keramik 20x25 dinding KM KW I DN Corak,m2,53350.00,BAHAN LANTAI DAN PELAPIS DINDING,Cirebon
keramik 30x30 KW I DN putih polos,m2,54550.00,BAHAN LANTAI DAN PELAPIS DINDING,Cirebon
keramik 30x30 KW I DN warna/corak(antislip),m2,57200.00,BAHAN LANTAI DAN PELAPIS DINDING,Cirebon
vynil lantai standard,m2,4650.00,BAHAN LANTAI DAN PELAPIS DINDING,Cirebon
karpet kelas baik LN,m2,66550.00,BAHAN LANTAI DAN PELAPIS DINDING,Cirebon
karpet kelas sedang LN,m2,181500.00,BAHAN LANTAI DAN PELAPIS DINDING,Cirebon
stairnosing keramik 10/20,m1,13310.00,BAHAN LANTAI DAN PELAPIS DINDING,Cirebon
stairnosing fiber,m2,15125.00,BAHAN LANTAI DAN PELAPIS DINDING,Cirebon
taraso kerang 30x30,bh,1250000.00,BAHAN LANTAI DAN PELAPIS DINDING,Cirebon
plint taraso 10x30,m2,45000.00,BAHAN LANTAI DAN PELAPIS DINDING,Cirebon
granit alam LN uk. Besar,m2,2053920.00,BAHAN LANTAI DAN PELAPIS DINDING,Cirebon
granit alam LN uk. Keil,m2,1727660.00,BAHAN LANTAI DAN PELAPIS DINDING,Cirebon
granit alam DN uk. Besar,m2,1510520.00,BAHAN LANTAI DAN PELAPIS DINDING,Cirebon
granit alam LN uk. Kecil,m2,1401290.00,BAHAN LANTAI DAN PELAPIS DINDING,Cirebon
Granito Tile Essensa uk. 40x40 polis,m2,242000.00,BAHAN LANTAI DAN PELAPIS DINDING,Cirebon
Granito Tile Essensa uk. 40x40 unpolis,m2,175450.00,BAHAN LANTAI DAN PELAPIS DINDING,Cirebon
Marmer Alam Citatah 15/30,m2,95161.00,BAHAN LANTAI DAN PELAPIS DINDING,Cirebon
Marmer Alam Citatah 20/30,m2,109802.00,BAHAN LANTAI DAN PELAPIS DINDING,Cirebon
Marmer Alam Citatah 30/30,m2,124443.00,BAHAN LANTAI DAN PELAPIS DINDING,Cirebon
Marmer Alam Citatah 40/40,m2,147069.00,BAHAN LANTAI DAN PELAPIS DINDING,Cirebon
Marmer Alam Citatah 60/60,m2,212500.00,BAHAN LANTAI DAN PELAPIS DINDING,Cirebon
Granito Tile Essensa uk. 60x60 polis,m2,312600.00,BAHAN LANTAI DAN PELAPIS DINDING,Cirebon
Granito Tile Essensa uk. 60x60 unpolis,m2,277400.00,BAHAN LANTAI DAN PELAPIS DINDING,Cirebon
Bata Karawamg,bh,8250.00,BAHAN LANTAI DAN PELAPIS DINDING,Cirebon
Floor hardener,ltr,16500.00,BAHAN LANTAI DAN PELAPIS DINDING,Cirebon
Grafel U 20 cm',m1,74100.00,BAHAN SALURAN AIR KOTOR/BERSIH,Cirebon
Grafel U 30 cm',m1,78600.00,BAHAN SALURAN AIR KOTOR/BERSIH,Cirebon
Grafel U 40 cm' ,m1,101300.00,BAHAN SALURAN AIR KOTOR/BERSIH,Cirebon
Buis Beton dia. 20 cm (1m'),m1,74100.00,BAHAN SALURAN AIR KOTOR/BERSIH,Cirebon
Buis Beton dia. 30 cm (1m'),m1,78600.00,BAHAN SALURAN AIR KOTOR/BERSIH,Cirebon
Buis Beton dia. 40 cm (1m'),m1,101300.00,BAHAN SALURAN AIR KOTOR/BERSIH,Cirebon
Buis Beton dia. 50 cm (1m'),stk,111800.00,BAHAN SALURAN AIR KOTOR/BERSIH,Cirebon
Buis Beton dia. 60 cm (1m'),stk,162890.00,BAHAN SALURAN AIR KOTOR/BERSIH,Cirebon
Buis Beton dia. 100 cm (0.50m'),stk,144900.00,BAHAN SALURAN AIR KOTOR/BERSIH,Cirebon
Buis Beton dia. 80 cm (0.50m'),stk,120800.00,BAHAN SALURAN AIR KOTOR/BERSIH,Cirebon
Buis Tanah dia. 10 cm (0.50m'),stk,7040.00,BAHAN SALURAN AIR KOTOR/BERSIH,Cirebon
Buis Tanah dia. 15 cm (0.50m'),stk,10670.00,BAHAN SALURAN AIR KOTOR/BERSIH,Cirebon
Buis Tanah dia. 20 cm (0.50m'),stk,12430.00,BAHAN SALURAN AIR KOTOR/BERSIH,Cirebon
Buis Tanah dia. 25 cm (0.50m'),stk,17600.00,BAHAN SALURAN AIR KOTOR/BERSIH,Cirebon
Injuk,kg,3100.00,BAHAN SALURAN AIR KOTOR/BERSIH,Cirebon
Besi Beton U-24 Rata-rata,kg,15000.00,BAHAN LOGAM DAN BAHAN JADINYA,Cirebon
Besi Beton U-39/U-32 Rata-rata,kg,15500.00,BAHAN LOGAM DAN BAHAN JADINYA,Cirebon
Pagar BRC Lengkap Tiang (Tanpa Pondasi),m2,123715.28,BAHAN LOGAM DAN BAHAN JADINYA,Cirebon
Bondek,m2,136500.00,BAHAN LOGAM DAN BAHAN JADINYA,Cirebon
IWF Ex. DN SII,kg,17500.00,BAHAN LOGAM DAN BAHAN JADINYA,Cirebon
IWF Ex. Jepang,kg,17500.00,BAHAN LOGAM DAN BAHAN JADINYA,Cirebon
Besi Profil DN SII,kg,17500.00,BAHAN LOGAM DAN BAHAN JADINYA,Cirebon
Besi Profil EX. LN,kg,17500.00,BAHAN LOGAM DAN BAHAN JADINYA,Cirebon
Besi C Lip Channel,kg,15000.00,BAHAN LOGAM DAN BAHAN JADINYA,Cirebon
Ongkos Galvanis Besi,kg,13750.00,BAHAN LOGAM DAN BAHAN JADINYA,Cirebon
Kawat Beton ,kg,18200.00,BAHAN LOGAM DAN BAHAN JADINYA,Cirebon
Kawat Duri ,m1,30300.00,BAHAN LOGAM DAN BAHAN JADINYA,Cirebon
Kawat Pengikat,m1,2500.00,BAHAN LOGAM DAN BAHAN JADINYA,Cirebon
Kawat Brojong 4mm,kg,11310.00,BAHAN LOGAM DAN BAHAN JADINYA,Cirebon
Kawat Tembaga,kg,41910.00,BAHAN LOGAM DAN BAHAN JADINYA,Cirebon
Ram Nyamuk Hijau,m2,27900.00,BAHAN LOGAM DAN BAHAN JADINYA,Cirebon
Ram Kawat 1x1 cm,m2,147660.00,BAHAN LOGAM DAN BAHAN JADINYA,Cirebon
kawat Bronjong 3mm,m2,12040.00,BAHAN LOGAM DAN BAHAN JADINYA,Cirebon
Kawat Kasa 2.0x2.0 dia 2mm,m2,30250.00,BAHAN LOGAM DAN BAHAN JADINYA,Cirebon
Kawat Kasa 3.0x3.0 dia 2mm,m2,21120.00,BAHAN LOGAM DAN BAHAN JADINYA,Cirebon
Kawat Harmonika 4.0x4.0 dia 2cm,m2,20900.00,BAHAN LOGAM DAN BAHAN JADINYA,Cirebon
Kawat Las Listik ,kg,60000.00,BAHAN LOGAM DAN BAHAN JADINYA,Cirebon
Wiremesh M8,m2,59109.35,BAHAN LOGAM DAN BAHAN JADINYA,Cirebon
Wiremesh M6,m2,33227.51,BAHAN LOGAM DAN BAHAN JADINYA,Cirebon
kawat seng galvanis 3mm,m2,19700.00,BAHAN LOGAM DAN BAHAN JADINYA,Cirebon
kawat seng galvanis 4mm,m2,19700.00,BAHAN LOGAM DAN BAHAN JADINYA,Cirebon
kawat seng galvanis 5mm,m2,19700.00,BAHAN LOGAM DAN BAHAN JADINYA,Cirebon
seng BJLS 25 90x180cm,bt,51425.00,BAHAN LOGAM DAN BAHAN JADINYA,Cirebon
seng BJLS 30 90x180cm,bt,66550.00,BAHAN LOGAM DAN BAHAN JADINYA,Cirebon
Plat Aluminium 0.25 mm,lbr,42350.00,BAHAN LOGAM DAN BAHAN JADINYA,Cirebon
Plat Aluminium 0.3 mm,lbr,5000.00,BAHAN LOGAM DAN BAHAN JADINYA,Cirebon
Plat Aluminium 0.4 mm,lbr,55000.00,BAHAN LOGAM DAN BAHAN JADINYA,Cirebon
Plat Aluminium 0.5 mm,lbr,66000.00,BAHAN LOGAM DAN BAHAN JADINYA,Cirebon
Plat Aluminium 0.6 mm,lbr,82500.00,BAHAN LOGAM DAN BAHAN JADINYA,Cirebon
Plat Aluminium 1.0mm,m2,115000.00,BAHAN LOGAM DAN BAHAN JADINYA,Cirebon
kusen alumunium natural 4"YKK,btg,218300.00,BAHAN LOGAM DAN BAHAN JADINYA,Cirebon
kusen alumunium warna 4"YKK,btg,359420.00,BAHAN LOGAM DAN BAHAN JADINYA,Cirebon
kusen alumunium warna 4"edico,btg,214500.00,BAHAN LOGAM DAN BAHAN JADINYA,Cirebon
kusen alumunium natural 4"edico,btg,220000.00,BAHAN LOGAM DAN BAHAN JADINYA,Cirebon
alumunium daun pintu,m1,49720.00,BAHAN LOGAM DAN BAHAN JADINYA,Cirebon
alumunium sheet,m2,75000.00,BAHAN LOGAM DAN BAHAN JADINYA,Cirebon
panel sunscreen alumunuium colorbond,m2,97750.00,BAHAN LOGAM DAN BAHAN JADINYA,Cirebon
Rolling door biasa type grill alumunium,m2,158120.00,BAHAN LOGAM DAN BAHAN JADINYA,Cirebon
Rolling door biasa type selat alumunium,m2,189750.00,BAHAN LOGAM DAN BAHAN JADINYA,Cirebon
Seng Plat BJLS 30 dia. 60cm,m1,42350.00,BAHAN LOGAM DAN BAHAN JADINYA,Cirebon
Seng Plat BJLS 30 dia. 90cm,m1,57425.00,BAHAN LOGAM DAN BAHAN JADINYA,Cirebon
Plat Besi Tipis 1.2mm,kg,15400.00,BAHAN LOGAM DAN BAHAN JADINYA,Cirebon
Plat Besi Tipis 0.8mm,kg,17600.00,BAHAN LOGAM DAN BAHAN JADINYA,Cirebon
Plat Besi 2mm s/d 5mm,kg,14760.00,BAHAN LOGAM DAN BAHAN JADINYA,Cirebon
Plat Besi 6mm s/d 10mm,kg,14760.00,BAHAN LOGAM DAN BAHAN JADINYA,Cirebon
Plat Besi 10mm keatas,kg,14760.00,BAHAN LOGAM DAN BAHAN JADINYA,Cirebon
Lem Kuning (Aibond),kg,40000.00,BAHAN LOGAM DAN BAHAN JADINYA,Cirebon
Lem Fox,kg,25100.00,BAHAN LOGAM DAN BAHAN JADINYA,Cirebon
Kaca Polos 2 mm (ASAHI),m2,60500.00,BAHAN KACA,Cirebon
Kaca Polos 3 mm (ASAHI),m2,72500.00,BAHAN KACA,Cirebon
Kaca Polos 5 mm (ASAHI),m2,69600.00,BAHAN KACA,Cirebon
Kaca Rayben 5 mm (ASAHI),m2,192500.00,BAHAN KACA,Cirebon
Kaca Rayben 8 mm (ASAHI),m2,412500.00,BAHAN KACA,Cirebon
Kaca Es 3mm,m2,140800.00,BAHAN KACA,Cirebon
Kaca Patri Lokal Terpasang (ASAHI),m2,1086800.00,BAHAN KACA,Cirebon
Kaca Patri ex. Luar Negeri Terpasang,m2,4840000.00,BAHAN KACA,Cirebon
Kaca Cermin 5mm,m2,165000.00,BAHAN KACA,Cirebon
Glass Block DN 20x20 (Kedawung),bh,27700.00,BAHAN KACA,Cirebon
Glass Block DN 20x20 Ex. LN,bh,105875.00,BAHAN KACA,Cirebon
Paku 1cm s/d 2 1/2 cm,kg,21300.00,BAHAN PAKU DAN MUR BAUT,Cirebon
Paku 4cm s/d 7 cm,kg,18200.00,BAHAN PAKU DAN MUR BAUT,Cirebon
Paku 8cm s/d 12 cm,kg,18200.00,BAHAN PAKU DAN MUR BAUT,Cirebon
Paku Beton 2cm s/d 5cm,bh,500.00,BAHAN PAKU DAN MUR BAUT,Cirebon
Paku Skrup,kg,12250.00,BAHAN PAKU DAN MUR BAUT,Cirebon
Paku Kait Lengkap,bh,1200.00,BAHAN PAKU DAN MUR BAUT,Cirebon
Paku Cacing,kg,55000.00,BAHAN PAKU DAN MUR BAUT,Cirebon
Besi Beugel Kuda-kuda,kg,19250.00,BAHAN PAKU DAN MUR BAUT,Cirebon
Duk Angker,bh,20990.00,BAHAN PAKU DAN MUR BAUT,Cirebon
Angker Mur Baut dia. 19 panjang 60cm,bh,49500.00,BAHAN PAKU DAN MUR BAUT,Cirebon
Mur Baut HTB dia. 19 s/d 16 (5cm),bh,16500.00,BAHAN PAKU DAN MUR BAUT,Cirebon
Mur Baut Biasa dia. 19 s/d 16 (15cm),bh,10450.00,BAHAN PAKU DAN MUR BAUT,Cirebon
Piser dia. 12 s/d 20cm,bh,8250.00,BAHAN PAKU DAN MUR BAUT,Cirebon
Besi Pipa untuk Hydrant BSP dia. 1",bt,109010.00,BAHAN PERPIPAAN,Cirebon
Besi Pipa untuk Hydrant BSP dia. 1.25",bt,115610.00,BAHAN PERPIPAAN,Cirebon
Besi Pipa untuk Hydrant BSP dia. 1.5",bt,126280.00,BAHAN PERPIPAAN,Cirebon
Besi Pipa untuk Hydrant BSP dia. 2",bt,152790.00,BAHAN PERPIPAAN,Cirebon
Pipa GI Medium Class dia 1,bt,237050.00,BAHAN PERPIPAAN,Cirebon
Pipa GI Medium Class dia 2",bt,686400.00,BAHAN PERPIPAAN,Cirebon
Pipa GI Medium Class dia 3",bt,1111180.00,BAHAN PERPIPAAN,Cirebon
Pipa GI Medium Class dia 4",bt,1657700.00,BAHAN PERPIPAAN,Cirebon
Besi Pipa Hitam dia. 1" t=2mm,bt,109610.00,BAHAN PERPIPAAN,Cirebon
Besi Pipa Hitam dia. 2" t=2mm,bt,185000.00,BAHAN PERPIPAAN,Cirebon
Besi Pipa Hitam dia. 3" t=2mm,bt,556650.00,BAHAN PERPIPAAN,Cirebon
Besi Pipa Hitam dia. 4" t=2mm,bt,1139413.00,BAHAN PERPIPAAN,Cirebon
Besi Pipa Hitam dia. 6" t=2mm,bt,3250000.00,BAHAN PERPIPAAN,Cirebon
Pipa GIP Medium A dia. 1" (6 m1),bt,225000.00,BAHAN PERPIPAAN,Cirebon
Pipa GIP Medium A dia. 1 1/4" (6 m1),bt,275000.00,BAHAN PERPIPAAN,Cirebon
Pipa GIP Medium A dia. 1 1/2" (6 m1),bt,225000.00,BAHAN PERPIPAAN,Cirebon
Pipa GIP Medium A dia. 3/4" (6 m1),bt,363000.00,BAHAN PERPIPAAN,Cirebon
Pipa GIP Medium A dia. 2" (6 m1),bt,475000.00,BAHAN PERPIPAAN,Cirebon
Pipa GIP Medium B dia. 1/2" (6 m1),bt,86000.00,BAHAN PERPIPAAN,Cirebon
Pipa GIP Medium B dia. 2" (6 m1),bt,320000.00,BAHAN PERPIPAAN,Cirebon
Pipa GIP Medium B dia. 1 1/2" (6 m1),bt,250000.00,BAHAN PERPIPAAN,Cirebon
Pipa GIP Medium B dia. 3" (6 m1),bt,550000.00,BAHAN PERPIPAAN,Cirebon
Pipa GIP Medium B dia. 4" (6 m1),bt,770000.00,BAHAN PERPIPAAN,Cirebon
Accessories GI Gate Valve dia 2",bh,950620.00,BAHAN PERPIPAAN,Cirebon
Accessories GI Gate Valve dia 2",bh,1339360.00,BAHAN PERPIPAAN,Cirebon
Accessories GI Gate Valve dia 3",bh,1598080.00,BAHAN PERPIPAAN,Cirebon
Accessories GI Gate Valve dia 4",bh,2676960.00,BAHAN PERPIPAAN,Cirebon
Accessories GI Gate Valve dia 8",bh,5784350.00,BAHAN PERPIPAAN,Cirebon
Accessories GI Gate Valve dia 10",bh,9627860.00,BAHAN PERPIPAAN,Cirebon
Accessories GI Gate Valve dia 12",bh,12518110.00,BAHAN PERPIPAAN,Cirebon
Accessories GI Tee Flange 8",bh,207240.00,BAHAN PERPIPAAN,Cirebon
Accessories GI Tee Flange 12",bh,377080.00,BAHAN PERPIPAAN,Cirebon
Drat Socket dia 32mm,bh,5400.00,BAHAN PERPIPAAN,Cirebon
Pipa PVC PARALON S-100 - dia 20mm,bt,8250.00,BAHAN PERPIPAAN,Cirebon
Pipa PVC PARALON S-100 - dia 25mm,bt,12100.00,BAHAN PERPIPAAN,Cirebon
Pipa PVC PARALON S-100 - dia 32mm,bt,14850.00,BAHAN PERPIPAAN,Cirebon
Pipa PVC PARALON S-100 - dia 40mm,bt,19250.00,BAHAN PERPIPAAN,Cirebon
Pipa PVC PARALON S-100 - dia 50mm,bt,49500.00,BAHAN PERPIPAAN,Cirebon
Pipa PVC PARALON S-100 - dia 63mm,bt,60500.00,BAHAN PERPIPAAN,Cirebon
Pipa PVC PARALON S-100 - dia 75mm,bt,82500.00,BAHAN PERPIPAAN,Cirebon
Pipa PVC PARALON S-100 - dia 90mm,bt,99000.00,BAHAN PERPIPAAN,Cirebon
Pipa PVC PARALON S-100 - dia 110mm,bt,121000.00,BAHAN PERPIPAAN,Cirebon
Pipa PVC PARALON S-100 - dia 140mm,bt,150150.00,BAHAN PERPIPAAN,Cirebon
Pipa PVC PARALON S-100 - dia 160mm,bt,181500.00,BAHAN PERPIPAAN,Cirebon
Pipa PVC MASPION ABU dia. 1/2" (AW),bt,19833.00,BAHAN PERPIPAAN,Cirebon
Pipa PVC MASPION ABU dia. 3/4" (AW),bt,23500.00,BAHAN PERPIPAAN,Cirebon
Pipa PVC MASPION ABU dia. 1" (AW),bt,29833.00,BAHAN PERPIPAAN,Cirebon
Pipa PVC MASPION ABU dia. 1 1/4" (AW),bt,413333.00,BAHAN PERPIPAAN,Cirebon
Pipa PVC MASPION ABU dia. 1 1/2" (AW),bt,54417.00,BAHAN PERPIPAAN,Cirebon
Pipa PVC MASPION ABU dia. 2" (AW),bt,81500.00,BAHAN PERPIPAAN,Cirebon
Pipa PVC MASPION ABU dia. 2 1/2" (AW),bt,106167.00,BAHAN PERPIPAAN,Cirebon
Pipa PVC MASPION ABU dia. 3" (AW),bt,149667.00,BAHAN PERPIPAAN,Cirebon
Pipa PVC MASPION ABU dia. 4" (AW),bt,213667.00,BAHAN PERPIPAAN,Cirebon
Reducer all socket dia 50x32,bh,7260.00,BAHAN PERPIPAAN,Cirebon
Reducer all socket dia 63x32,bh,15070.00,BAHAN PERPIPAAN,Cirebon
Reducer all socket dia 63x50,bh,20570.00,BAHAN PERPIPAAN,Cirebon
Reducer all socket dia 90x50,bh,48400.00,BAHAN PERPIPAAN,Cirebon
Reducer all socket dia 90x63,bh,70070.00,BAHAN PERPIPAAN,Cirebon
Reducer all socket dia 110x63,bh,101530.00,BAHAN PERPIPAAN,Cirebon
Reducer all socket dia 110x90,bh,118470.00,BAHAN PERPIPAAN,Cirebon
Reducer all socket dia 160x110,bh,198220.00,BAHAN PERPIPAAN,Cirebon
Reducer all socket dia 200x160,bh,3547500.00,BAHAN PERPIPAAN,Cirebon
Reducer all socket dia 250x200,bh,446690.00,BAHAN PERPIPAAN,Cirebon
Reducer all socket dia 250x315,bh,831050.00,BAHAN PERPIPAAN,Cirebon
Pipa Slang PE dia 1/2",tb,3850.00,BAHAN PERPIPAAN,Cirebon
Pipa Slang PE dia 3/4",gl,5220.00,BAHAN PERPIPAAN,Cirebon
tutup pipa 2",m1,15070.00,BAHAN PERPIPAAN,Cirebon
Stop Kran 3/4" KIT,bh,147000.00,BAHAN SANITER,Cirebon
Stop Kran 1" KIT,bh,210000.00,BAHAN SANITER,Cirebon
Stop Kran 1 1/2" KIT,bh,325000.00,BAHAN SANITER,Cirebon
Stop Kran 2" KIT,bh,675000.00,BAHAN SANITER,Cirebon
Stop Kran 2 1/2" KIT,bh,989000.00,BAHAN SANITER,Cirebon
Stop Kran 3" KIT,bh,1300000.00,BAHAN SANITER,Cirebon
Check Valve 1/2",bh,79000.00,BAHAN SANITER,Cirebon
Double Neple 1/2",bh,10000.00,BAHAN SANITER,Cirebon
Water Mur 1/2",bh,20000.00,BAHAN SANITER,Cirebon
Gate Walve 1/2",bh,48000.00,BAHAN SANITER,Cirebon
Saringan Air Lt. KM Stainless Steel,bh,48000.00,BAHAN SANITER,Cirebon
Apoer Bath Tube,bh,115000.00,BAHAN SANITER,Cirebon
Floor drain SAN EI,bh,198000.00,BAHAN SANITER,Cirebon
Shower dengan tiang ,bh,232650.00,BAHAN SANITER,Cirebon
Shower tanpa tiang,bh,132990.00,BAHAN SANITER,Cirebon
Kran tembok sub eui dia. 1/2",bh,84700.00,BAHAN SANITER,Cirebon
Kran tembok ITAP dia.1/2",bh,55000.00,BAHAN SANITER,Cirebon
Kran Bebek Sun ei 1/2",bh,104500.00,BAHAN SANITER,Cirebon
Kran bebek ITAP 1/2",bh,93500.00,BAHAN SANITER,Cirebon
Kran Panas Dingin San Ei Standard,bh,312500.00,BAHAN SANITER,Cirebon
Bak Mandi Teraso,unit,125000.00,BAHAN SANITER,Cirebon
Tempat SABUN Poslin,bh,99100.00,BAHAN SANITER,Cirebon
Wastafel lengkap TOTO LW 211LJ,unit,1331000.00,BAHAN SANITER,Cirebon
Wastafel lengkap INA,unit,385000.00,BAHAN SANITER,Cirebon
Closet Jongkok Poslin warna standart,unit,385000.00,BAHAN SANITER,Cirebon
Closet Jongkok standard putih poslin standart,unit,181500.00,BAHAN SANITER,Cirebon
Closet Jongkok Teraso,unit,60500.00,BAHAN SANITER,Cirebon
Closet Duduk Warna Standard TOTO C 240 Lengkap,unit,1243334.00,BAHAN SANITER,Cirebon
Wastafel Bulat Warna Standard Lengkap TOTO,unit,1196900.00,BAHAN SANITER,Cirebon
Closet duduk warna standard lengkap INA,bh,1089000.00,BAHAN SANITER,Cirebon
Urinoir Lengkap TOTO warna standard lengkap,unit,1295000.00,BAHAN SANITER,Cirebon
Penyekat poslin urinoir TOTO,bh,396000.00,BAHAN SANITER,Cirebon
Kitchen Zink Stainless Standard Lokal (1 Lubang),bh,350000.00,BAHAN SANITER,Cirebon
Kitchen Zink Stainless Stainless Non Standard Franke (1 Lubang),bh,425000.00,BAHAN SANITER,Cirebon
Kitchen Zink Satinless Stainless Non Standard Franke (2 Lubang),bh,750000.00,BAHAN SANITER,Cirebon
Atap Plastik Gelombang 80x180,lbr,34938.00,BAHAN PENUTUP LUBANG,Cirebon
Atap Fiber Glass Tipis 80x180 (Gelombang),lbr,48520.00,BAHAN PENUTUP LUBANG,Cirebon
Atap Fiber Glass Tebal 80x180 (Gelombang),lbr,98010.00,BAHAN PENUTUP LUBANG,Cirebon
Atap Genteng Metal Zinkalum polos tebal 0.50mm,lbr,120000.00,BAHAN PENUTUP LUBANG,Cirebon
Atap Genteng Metal galvalum polos tebal 0.50mm,lbr,140000.00,BAHAN PENUTUP LUBANG,Cirebon
Atap Asbes Gelombang Kecil 4mm1.05x1.80,lbr,84600.00,BAHAN PENUTUP LUBANG,Cirebon
Atap Asbes Gelombang Besar 5mm 1.05x2.10,lbr,108700.00,BAHAN PENUTUP LUBANG,Cirebon
atap seng gelombang 0.80x1.80,lbr,60000.00,BAHAN PENUTUP LUBANG,Cirebon
atap seng gelombang 1.05x2.40,lbr,67500.00,BAHAN PENUTUP LUBANG,Cirebon
Alumunium Foile,roll,217800.00,BAHAN PENUTUP LUBANG,Cirebon
Atap genteng Plentong pres bakar KW1 ex Jatiwangi,bh,2000.00,BAHAN PENUTUP LUBANG,Cirebon
Atap genteng plentong super glazur ex jatiwangi,bh,3400.00,BAHAN PENUTUP LUBANG,Cirebon
Atap genteng flam pres Molen Oven ex Jatiwangi,bh,3400.00,BAHAN PENUTUP LUBANG,Cirebon
Bubung Genteng pres bulat ex jatiwangi,bh,3900.00,BAHAN PENUTUP LUBANG,Cirebon
genteng bubungan ex jatiwangi segitiga,bh,3900.00,BAHAN PENUTUP LUBANG,Cirebon
genteng bubungan beton nusantara rengganis,bh,4200.00,BAHAN PENUTUP LUBANG,Cirebon
Bubungan genteng Metal (rainbow roof),bh,82500.00,BAHAN PENUTUP LUBANG,Cirebon
bubungan genteng metal sakura,bh,72500.00,BAHAN PENUTUP LUBANG,Cirebon
nok steel gelombang 0.92m,lbr,25500.00,BAHAN PENUTUP LUBANG,Cirebon
nok steel gelombang 1.05m,lbr,25500.00,BAHAN PENUTUP LUBANG,Cirebon
nok steel rata 1.10m,lbr,27900.00,BAHAN PENUTUP LUBANG,Cirebon
nok steel rata 0.92m,lbr,27900.00,BAHAN PENUTUP LUBANG,Cirebon
atap genteng keramik warna standart KIA,bh,6500.00,BAHAN PENUTUP LUBANG,Cirebon
atap genteng warna khusu KIA,bh,10675.00,BAHAN PENUTUP LUBANG,Cirebon
"atap genteng beton warna 14,5/m2",m2,106370.00,BAHAN PENUTUP LUBANG,Cirebon
genteng beton natural,m2,100210.00,BAHAN PENUTUP LUBANG,Cirebon
atap alumunium ULR 7 920x0.50,m2,124900.00,BAHAN PENUTUP LUBANG,Cirebon
Roof Mesh,m2,2178000.00,BAHAN PENUTUP LUBANG,Cirebon
"Genteng Keramik Glasur Standard 14,5/m2",m2,95800.00,BAHAN PENUTUP LUBANG,Cirebon
"Genteng Keramik Glasur Special 14,5/m2",m2,136000.00,BAHAN PENUTUP LUBANG,Cirebon
"Genteng Keramik Glasur Premium 14,5/m2",m2,151000.00,BAHAN PENUTUP LUBANG,Cirebon
Nok Atap alumunium,m2,71060.00,BAHAN PENUTUP LUBANG,Cirebon
Atap genteng asbes 0.85x1.15,lbr,25000.00,BAHAN PENUTUP LUBANG,Cirebon
Bubung Murando Natural,bh,3000.00,BAHAN PENUTUP LUBANG,Cirebon
Bubung Murando Glasur,bh,3000.00,BAHAN PENUTUP LUBANG,Cirebon
Twinlite 2.10x11.80,bh,3441400.00,BAHAN PENUTUP LUBANG,Cirebon
Jockey Pump kap.80gln/ menit 100m1 (18.6Kw),unit,53909900.00,BAHAN MEKANIKAL,Cirebon
Electrical Pump kap. 750gln/ menit 120 m1 (90Kw),unit,197669500.00,BAHAN MEKANIKAL,Cirebon
Diesel Pump kap. 750gln/ menit 120m1 (105kW),unit,385070400.00,BAHAN MEKANIKAL,Cirebon
Presure Tank kap. 500liter lengkap,unit,26955000.00,BAHAN MEKANIKAL,Cirebon
Hydran Box dalam gedung (lengkap),unit,5006000.00,BAHAN MEKANIKAL,Cirebon
Fire House 1.5x30m + nose,unit,3850800.00,BAHAN MEKANIKAL,Cirebon
Exhouse Fan H 600W 60x60cm,unit,1378600.00,BAHAN MEKANIKAL,Cirebon
Exhouse Fan H 350 W CFM 50x50cm,unit,911800.00,BAHAN MEKANIKAL,Cirebon
Exhouse Fan H145 W 45x45cm,unit,694500.00,BAHAN MEKANIKAL,Cirebon
AC Split 3PK setara TOSHIBA,unit,11937700.00,BAHAN MEKANIKAL,Cirebon
AC Split 2PK setara TOSHIBA Plasma,unit,7617900.00,BAHAN MEKANIKAL,Cirebon
AC Split 1PK setara TOSHIBA Plasma,unit,4071800.00,BAHAN MEKANIKAL,Cirebon
Mesin AC Split TOSHIBA (Indoor/ Outdoor Unit),1BTU,2200.00,BAHAN MEKANIKAL,Cirebon
Kabel NYA 1x1.5 Prima (1roll=50m'),roll,247500.00,BAHAN ELEKTRICAL,Cirebon
Kabel NYA 1x2.5 Prima (1roll=50m'),roll,336400.00,BAHAN ELEKTRICAL,Cirebon
Kabel NYA 2x1.5 Prima (1roll=50m'),m',4300.00,BAHAN ELEKTRICAL,Cirebon
Kabel NYA 3x1.5 Prima (1roll=50m'),m',5600.00,BAHAN ELEKTRICAL,Cirebon
Kabel NYA 2x2.5 Prima (1roll=50m'),m',6000.00,BAHAN ELEKTRICAL,Cirebon
Kabel NYA 3x2.5 Prima (1roll=50m'),m',8000.00,BAHAN ELEKTRICAL,Cirebon
Kabel NYA 4x2.5 Prima (1roll=50m'),m',10200.00,BAHAN ELEKTRICAL,Cirebon
Kabl NYA 2x4 Prima (1roll=50m'),m',11700.00,BAHAN ELEKTRICAL,Cirebon
Kabel NYA 3x4 Prima (1 roll=50m'),m',15500.00,BAHAN ELEKTRICAL,Cirebon
Kabel NYA 4x4 Prima (1 roll=50m'),m',19900.00,BAHAN ELEKTRICAL,Cirebon
Kabel NYM 2x6 Supreme (1roll=50m'),m',15400.00,BAHAN ELEKTRICAL,Cirebon
Kabel NYM 3x6 Supreme (1roll=50m'),m',19900.00,BAHAN ELEKTRICAL,Cirebon
Kabel NYM 4x6 Supreme (1roll=50m'),m',30000.00,BAHAN ELEKTRICAL,Cirebon
Kabel NYM 2x10 Supreme (1roll=50m'),m',26000.00,BAHAN ELEKTRICAL,Cirebon
Kabel NYM 3x10 Supreme (1roll=50m'),m',37400.00,BAHAN ELEKTRICAL,Cirebon
Kabel NYM 4x10 Supreme (1roll=50m'),m',49400.00,BAHAN ELEKTRICAL,Cirebon
Kabel NYM 4x16 Supreme (1roll=50m'),m',82800.00,BAHAN ELEKTRICAL,Cirebon
Kabel NYM 2x4 Supreme (1roll=50m'),m',13400.00,BAHAN ELEKTRICAL,Cirebon
Kabel NYM 3x4 Supreme (1roll=50m'),m',18100.00,BAHAN ELEKTRICAL,Cirebon
Kabel NYM 4x4 Supreme (1roll=50m'),m',23600.00,BAHAN ELEKTRICAL,Cirebon
Kabel NYM 2x6 Supreme (1roll=50m'),m',18100.00,BAHAN ELEKTRICAL,Cirebon
Kabel NYM 3x6 Supreme (1roll=50m'),m',25000.00,BAHAN ELEKTRICAL,Cirebon
Kabel NYM 4x6 Supreme (1roll=50m'),m',33200.00,BAHAN ELEKTRICAL,Cirebon
Kabel NYM 2x10 Supreme (1roll=50m'),m',28400.00,BAHAN ELEKTRICAL,Cirebon
Kabel NYM 3x10 Supreme (1roll=50m'),m',41000.00,BAHAN ELEKTRICAL,Cirebon
Kabel NYM 4x10 Supreme (1 roll = 50m) ,m',52800.00,BAHAN ELEKTRICAL,Cirebon
Kabel NYM 4x16 Supreme (1 roll = 50m) ,m',87900.00,BAHAN ELEKTRICAL,Cirebon
NSFB FUJI EA - 100A,bh,778000.00,BAHAN ELEKTRICAL,Cirebon
NSFB FUJI EA - 150A,bh,2001000.00,BAHAN ELEKTRICAL,Cirebon
Rumah Panel 30x40x20 (Kosong) ,Unit,229000.00,BAHAN ELEKTRICAL,Cirebon
Skring Kas 2 Group Biasa ,Unit,32000.00,BAHAN ELEKTRICAL,Cirebon
Skring Kas 3 Group Biasa ,Unit,55000.00,BAHAN ELEKTRICAL,Cirebon
Skring Kas 5 Group Biasa ,Unit,400000.00,BAHAN ELEKTRICAL,Cirebon
MCB 1 PHASE ,bh,44000.00,BAHAN ELEKTRICAL,Cirebon
MCB 3 PHASE ,bh,73000.00,BAHAN ELEKTRICAL,Cirebon
Tahanan 50A Merk Fuji ,bh,451000.00,BAHAN ELEKTRICAL,Cirebon
Saklar Broko Tunggal Standart (1 phase) ,bh,11700.00,BAHAN ELEKTRICAL,Cirebon
Saklar Broko Seri Standart (1 phase) ,bh,16300.00,BAHAN ELEKTRICAL,Cirebon
Stop Kontak Broko Standart (1phase) ,bh,13000.00,BAHAN ELEKTRICAL,Cirebon
Stop Kontak Broco 3 phase (Out Bow) ,bh,82200.00,BAHAN ELEKTRICAL,Cirebon
Stop Kontak Broco 3 phase (In Bow) ,bh,82200.00,BAHAN ELEKTRICAL,Cirebon
Stop Kontak Broco 3 phase,bh,63700.00,BAHAN ELEKTRICAL,Cirebon
Instalasi titik Lampu / Stop Kontak (upah dan alat) ,ttk,140000.00,BAHAN ELEKTRICAL,Cirebon
Lampu Pijar 25 Watt s/d 100 watt ,bh,3700.00,BAHAN ELEKTRICAL,Cirebon
Lampu Neon TL Phillip 20W,bh,10600.00,BAHAN ELEKTRICAL,Cirebon
Lampu Neon TL Phillip 40W,bh,12800.00,BAHAN ELEKTRICAL,Cirebon
Trafo TL 20W (phillip) ,bh,30100.00,BAHAN ELEKTRICAL,Cirebon
Trafo TL 40W (phillip) ,bh,30100.00,BAHAN ELEKTRICAL,Cirebon
Trafo TL 20W (Sinar) ,bh,27900.00,BAHAN ELEKTRICAL,Cirebon
Trafo TL 40W (Sinar) ,bh,27900.00,BAHAN ELEKTRICAL,Cirebon
Stater Neon Phillips,bh,4500.00,BAHAN ELEKTRICAL,Cirebon
Stater Neon Biasa ,bh,2700.00,BAHAN ELEKTRICAL,Cirebon
Rumah TL in Bow/Out Bow 2x20 W (Kosongan) ,bh,107600.00,BAHAN ELEKTRICAL,Cirebon
Downlight + SL 25 W Phillips,bh,37100.00,BAHAN ELEKTRICAL,Cirebon
Lampu SL Phillips 20W,bh,32500.00,BAHAN ELEKTRICAL,Cirebon
Lampu Sirkel TL 20W Lengkap ,bh,21000.00,BAHAN ELEKTRICAL,Cirebon
Lampu Mercuri 80W,bh,31300.00,BAHAN ELEKTRICAL,Cirebon
Lampu Taman + tiang + Lampu 1 Buah,bh,182800.00,BAHAN ELEKTRICAL,Cirebon
Lampu Baret 30cm + Neon ,bh,158500.00,BAHAN ELEKTRICAL,Cirebon
Lampu Neon Acrilic 2x40W Lengkap ,bh,352600.00,BAHAN ELEKTRICAL,Cirebon
Jarum Penangkal Petir 16,bh,34800.00,BAHAN ELEKTRICAL,Cirebon
Kawat BC (tembaga),kg,81000.00,BAHAN ELEKTRICAL,Cirebon
Jarum Penangkal Petir,ttk,335200.00,BAHAN ELEKTRICAL,Cirebon
Petanahan Panel ,ttk,445000.00,BAHAN ELEKTRICAL,Cirebon
Kunci Silinder ALFA untuk Alumunium ,bh,330000.00,BAHAN ALAT PENGGANTUNG DAN KUNCI ,Cirebon
Tarikan Pintu Alumunium ,bh,225000.00,BAHAN ALAT PENGGANTUNG DAN KUNCI ,Cirebon
kunci silinder AKN untuk pintu alumunium,bh,396000.00,BAHAN ALAT PENGGANTUNG DAN KUNCI ,Cirebon
Rel Henderson Lengkap ,bh,247000.00,BAHAN ALAT PENGGANTUNG DAN KUNCI ,Cirebon
Rel Maraton/ Pintu ,bh,203500.00,BAHAN ALAT PENGGANTUNG DAN KUNCI ,Cirebon
Kunci 2 Slagg Silinder SEIS asli Type 210 s/d 226 ,bh,175000.00,BAHAN ALAT PENGGANTUNG DAN KUNCI ,Cirebon
Kunci 2 Slagg Ancor Asli ,bh,150000.00,BAHAN ALAT PENGGANTUNG DAN KUNCI ,Cirebon
kunci pintu union/Royal tipe besar,bh,90000.00,BAHAN ALAT PENGGANTUNG DAN KUNCI ,Cirebon
kunci pintu union/Royal tipe kecil,bh,75000.00,BAHAN ALAT PENGGANTUNG DAN KUNCI ,Cirebon
kunci pintu cap kuda terbang type besar,bh,80000.00,BAHAN ALAT PENGGANTUNG DAN KUNCI ,Cirebon
kunci pintu cap kuda terbang type kecil,bh,65000.00,BAHAN ALAT PENGGANTUNG DAN KUNCI ,Cirebon
kunci pintu SES type besar,bh,225000.00,BAHAN ALAT PENGGANTUNG DAN KUNCI ,Cirebon
kunci pintu SES type kecil,bh,165000.00,BAHAN ALAT PENGGANTUNG DAN KUNCI ,Cirebon
kunci pintu kamar mandi / WC alpha,ps,125000.00,BAHAN ALAT PENGGANTUNG DAN KUNCI ,Cirebon
Grendel tanam pintu ganda (espagnolet),bh,45000.00,BAHAN ALAT PENGGANTUNG DAN KUNCI ,Cirebon
grendel jendela biasa 15cm,bh,24200.00,BAHAN ALAT PENGGANTUNG DAN KUNCI ,Cirebon
grendel jendela biasa 5cm,ps,6500.00,BAHAN ALAT PENGGANTUNG DAN KUNCI ,Cirebon
hak angin kait biasa,ps,24200.00,BAHAN ALAT PENGGANTUNG DAN KUNCI ,Cirebon
hak angin jendela antik,bh,17500.00,BAHAN ALAT PENGGANTUNG DAN KUNCI ,Cirebon
jendela nako lengkap teralis 1 daun,dn,35000.00,BAHAN ALAT PENGGANTUNG DAN KUNCI ,Cirebon
grendel pintu biasa,bh,21800.00,BAHAN ALAT PENGGANTUNG DAN KUNCI ,Cirebon
slot pintu berikut rantai,bh,58000.00,BAHAN ALAT PENGGANTUNG DAN KUNCI ,Cirebon
slot jendela tunggal,bh,13400.00,BAHAN ALAT PENGGANTUNG DAN KUNCI ,Cirebon
Engsel Pintu Nylon 4",ps,30300.00,BAHAN ALAT PENGGANTUNG DAN KUNCI ,Cirebon
Engsel Pintu Nylon 3",ps,22400.00,BAHAN ALAT PENGGANTUNG DAN KUNCI ,Cirebon
Engsel Jendela biasa,ps,20600.00,BAHAN ALAT PENGGANTUNG DAN KUNCI ,Cirebon
Engsel Angin,ps,35750.00,BAHAN ALAT PENGGANTUNG DAN KUNCI ,Cirebon
Tarikan Lemari Rata 2,bh,45000.00,BAHAN ALAT PENGGANTUNG DAN KUNCI ,Cirebon
Door Stop Type 013/GP,bh,20600.00,BAHAN ALAT PENGGANTUNG DAN KUNCI ,Cirebon
Door Stop Type 013/S,bh,20600.00,BAHAN ALAT PENGGANTUNG DAN KUNCI ,Cirebon
Door Stop Type 013/US3,bh,20600.00,BAHAN ALAT PENGGANTUNG DAN KUNCI ,Cirebon
Door Closer,bh,175200.00,BAHAN ALAT PENGGANTUNG DAN KUNCI ,Cirebon
"Hotmix jadi Berikut alat dan bahan bakar (T=5cm, 9m2)",ton,1200000.00,BAHAN PENGIKAT UNTUK KONSTRUKSI JALAN,Cirebon
Aspal Drum 155Kg,kg,1500000.00,BAHAN PENGIKAT UNTUK KONSTRUKSI JALAN,Cirebon
Aspal Curah,kg,14600.00,BAHAN PENGIKAT UNTUK KONSTRUKSI JALAN,Cirebon
Aspal Emulsi,kg,15800.00,BAHAN PENGIKAT UNTUK KONSTRUKSI JALAN,Cirebon
Pompa Kodok,unit,275000.00,BAHAN PENGHISAP AIR SUMUR DALAM,Cirebon
Pompa tangan lokal,unit,385000.00,BAHAN PENGHISAP AIR SUMUR DALAM,Cirebon
Pompa tangan luar,unit,968000.00,BAHAN PENGHISAP AIR SUMUR DALAM,Cirebon
Mesin Pompa Air 100W-Sanyo,unit,1760000.00,BAHAN PENGHISAP AIR SUMUR DALAM,Cirebon
Mesin Pompa Air 150W-Sanyo,unit,2475000.00,BAHAN PENGHISAP AIR SUMUR DALAM,Cirebon
Mesin Pompa Air 250W-Sanyo,unit,6050000.00,BAHAN PENGHISAP AIR SUMUR DALAM,Cirebon
Mesin Pompa Air 450W-Sanyo,unit,8250000.00,BAHAN PENGHISAP AIR SUMUR DALAM,Cirebon
Pompa Submersible Kap. 150liter / menit 3kW,unit,32432000.00,BAHAN PENGHISAP AIR SUMUR DALAM,Cirebon
Gear Pump kap. 60liter/menit,unit,18532600.00,BAHAN PENGHISAP AIR SUMUR DALAM,Cirebon
Deep Well dengan kelengkapannya kap. 150liter/menit,unit,269820200.00,BAHAN PENGHISAP AIR SUMUR DALAM,Cirebon
Hand Oil Pump,unit,5560700.00,BAHAN PENGHISAP AIR SUMUR DALAM,Cirebon
Tangki Air Fiber Glass 500ltr (Penguin),bh,1000000.00,BAHAN PENAMPUNG AIR,Cirebon
Tangki Air Fiber Glass 1000ltr,bh,1467070.00,BAHAN PENAMPUNG AIR,Cirebon
Tangki Air Fiber Glass 1000ltr bulat,bh,1760440.00,BAHAN PENAMPUNG AIR,Cirebon
Tangki Air Fiber Glass 2000ltr bulat,bh,5868280.00,BAHAN PENAMPUNG AIR,Cirebon
Tangki Air Stainless 1500ltr,bh,3712500.00,BAHAN PENAMPUNG AIR,Cirebon
Tangki Air Stainless 500 ltr,bh,2062500.00,BAHAN PENAMPUNG AIR,Cirebon
Panel Beton Dinding Berongga type 1000.05.8,m2,196920.00,BETON PRACETAK,Cirebon
Half Slab type 80.05.5,m2,130310.00,BETON PRACETAK,Cirebon
Pagar Beton Pracetak panel 240.40.5,lbr,73200.00,BETON PRACETAK,Cirebon
H-Beam 260,btg,177200.00,BETON PRACETAK,Cirebon
H-Beam 300,btg,204970.00,BETON PRACETAK,Cirebon
H-Beam 340,btg,232800.00,BETON PRACETAK,Cirebon
H-Beam 360,btg,246710.00,BETON PRACETAK,Cirebon
H-Beam 380,btg,260630.00,BETON PRACETAK,Cirebon
H-Beam 420,btg,288460.00,BETON PRACETAK,Cirebon
Pondasi Straust dia 40-150,titik,239390.00,BETON PRACETAK,Cirebon
Pondasi Straust dia 40-200,titik,318470.00,BETON PRACETAK,Cirebon
"Palu 0,5kg",bh,76350.00,ALAT TUKANG,Cirebon
Cangkul,bh,52460.00,ALAT TUKANG,Cirebon
Singkup,bh,76160.00,ALAT TUKANG,Cirebon
Sekrop,bh,99000.00,ALAT TUKANG,Cirebon
Pengki,bh,9780.00,ALAT TUKANG,Cirebon
Linggis,bh,56130.00,ALAT TUKANG,Cirebon
Rool Meter 30 Meter,bh,185900.00,ALAT TUKANG,Cirebon
Rool Meter 5-10 Meter ,bh,21500.00,ALAT TUKANG,Cirebon
"Selang Plastik untuk Water Pas dia. 0,5cm",m',2500.00,ALAT TUKANG,Cirebon
Water Pas Aluminium 60 cm,bh,61300.00,ALAT TUKANG,Cirebon
Buldozer 100-150HP,hari,386810.00,"STANDARD RATA-RATA SEWA ALAT BESAR, ALAT MEKANIK TRUK, KENDARAAN RODA 4 DAN LAINNYA",Cirebon
Buldozer 65HP,hari,244720.00,"STANDARD RATA-RATA SEWA ALAT BESAR, ALAT MEKANIK TRUK, KENDARAAN RODA 5 DAN LAINNYA",Cirebon
Motor Grader,hari,295870.00,"STANDARD RATA-RATA SEWA ALAT BESAR, ALAT MEKANIK TRUK, KENDARAAN RODA 6 DAN LAINNYA",Cirebon
Excavator Hydr 1.0m3,hari,167130.00,"STANDARD RATA-RATA SEWA ALAT BESAR, ALAT MEKANIK TRUK, KENDARAAN RODA 7 DAN LAINNYA",Cirebon
Crusher / Scr 30 t/h 185HP,hari,499840.00,"STANDARD RATA-RATA SEWA ALAT BESAR, ALAT MEKANIK TRUK, KENDARAAN RODA 8 DAN LAINNYA",Cirebon
Crusher / Scr 20 t/h 95HP,hari,342810.00,"STANDARD RATA-RATA SEWA ALAT BESAR, ALAT MEKANIK TRUK, KENDARAAN RODA 9 DAN LAINNYA",Cirebon
Crusher / Scr 10 t/h 15HP,hari,172780.00,"STANDARD RATA-RATA SEWA ALAT BESAR, ALAT MEKANIK TRUK, KENDARAAN RODA 10 DAN LAINNYA",Cirebon
Screening Plant 80HP,hari,204730.00,"STANDARD RATA-RATA SEWA ALAT BESAR, ALAT MEKANIK TRUK, KENDARAAN RODA 11 DAN LAINNYA",Cirebon
Loaded Tracked 135HP,hari,405920.00,"STANDARD RATA-RATA SEWA ALAT BESAR, ALAT MEKANIK TRUK, KENDARAAN RODA 12 DAN LAINNYA",Cirebon
Loaded Wheeled 115HP,hari,381640.00,"STANDARD RATA-RATA SEWA ALAT BESAR, ALAT MEKANIK TRUK, KENDARAAN RODA 13 DAN LAINNYA",Cirebon
Tracktor Wheel 60HP,jam,100710.00,"STANDARD RATA-RATA SEWA ALAT BESAR, ALAT MEKANIK TRUK, KENDARAAN RODA 14 DAN LAINNYA",Cirebon
Roller 3 Wheel 6-8 ton,jam,94210.00,"STANDARD RATA-RATA SEWA ALAT BESAR, ALAT MEKANIK TRUK, KENDARAAN RODA 15 DAN LAINNYA",Cirebon
Tandem Roller 6-10 ton,jam,141620.00,"STANDARD RATA-RATA SEWA ALAT BESAR, ALAT MEKANIK TRUK, KENDARAAN RODA 16 DAN LAINNYA",Cirebon
Self Vibrator roller 6-7 ton,jam,179080.00,"STANDARD RATA-RATA SEWA ALAT BESAR, ALAT MEKANIK TRUK, KENDARAAN RODA 17 DAN LAINNYA",Cirebon
Roller Towed Vibrator,jam,71420.00,"STANDARD RATA-RATA SEWA ALAT BESAR, ALAT MEKANIK TRUK, KENDARAAN RODA 18 DAN LAINNYA",Cirebon
Pneumatic Roller 8-15 ton,jam,238060.00,"STANDARD RATA-RATA SEWA ALAT BESAR, ALAT MEKANIK TRUK, KENDARAAN RODA 19 DAN LAINNYA",Cirebon
Roller Vibrator Ped1ton,jam,52570.00,"STANDARD RATA-RATA SEWA ALAT BESAR, ALAT MEKANIK TRUK, KENDARAAN RODA 20 DAN LAINNYA",Cirebon
Plate Vibrator 4HP,hari,14020.00,"STANDARD RATA-RATA SEWA ALAT BESAR, ALAT MEKANIK TRUK, KENDARAAN RODA 21 DAN LAINNYA",Cirebon
Chip Spraeder 3 ton,hari,31790.00,"STANDARD RATA-RATA SEWA ALAT BESAR, ALAT MEKANIK TRUK, KENDARAAN RODA 22 DAN LAINNYA",Cirebon
Sprayer self propelled 4000 ltr,hari,268600.00,"STANDARD RATA-RATA SEWA ALAT BESAR, ALAT MEKANIK TRUK, KENDARAAN RODA 23 DAN LAINNYA",Cirebon
Sprayer self propelled 1000 ltr,hari,87260.00,"STANDARD RATA-RATA SEWA ALAT BESAR, ALAT MEKANIK TRUK, KENDARAAN RODA 24 DAN LAINNYA",Cirebon
Asphalt spayer towed 400 ltr,hari,36010.00,"STANDARD RATA-RATA SEWA ALAT BESAR, ALAT MEKANIK TRUK, KENDARAAN RODA 25 DAN LAINNYA",Cirebon
Asphalt mixing plant 30 t/h,hari,954160.00,"STANDARD RATA-RATA SEWA ALAT BESAR, ALAT MEKANIK TRUK, KENDARAAN RODA 26 DAN LAINNYA",Cirebon
Asphalt finisher 1.82m,hari,171606.00,"STANDARD RATA-RATA SEWA ALAT BESAR, ALAT MEKANIK TRUK, KENDARAAN RODA 27 DAN LAINNYA",Cirebon
Water Tank truck 115HP,hari,193430.00,"STANDARD RATA-RATA SEWA ALAT BESAR, ALAT MEKANIK TRUK, KENDARAAN RODA 28 DAN LAINNYA",Cirebon
Dump truck 3.5 ton,hari,172030.00,"STANDARD RATA-RATA SEWA ALAT BESAR, ALAT MEKANIK TRUK, KENDARAAN RODA 29 DAN LAINNYA",Cirebon
Dump truck 5.0 ton,hari,379030.00,"STANDARD RATA-RATA SEWA ALAT BESAR, ALAT MEKANIK TRUK, KENDARAAN RODA 30 DAN LAINNYA",Cirebon
Dump truck 8.0 ton,hari,261110.00,"STANDARD RATA-RATA SEWA ALAT BESAR, ALAT MEKANIK TRUK, KENDARAAN RODA 31 DAN LAINNYA",Cirebon
Flat bed truck 3.5 ton,hari,160030.00,"STANDARD RATA-RATA SEWA ALAT BESAR, ALAT MEKANIK TRUK, KENDARAAN RODA 32 DAN LAINNYA",Cirebon
Flat bed truck 5.0 ton,hari,216160.00,"STANDARD RATA-RATA SEWA ALAT BESAR, ALAT MEKANIK TRUK, KENDARAAN RODA 33 DAN LAINNYA",Cirebon
Flat bed truck with crane 5.0 ton,hari,234110.00,"STANDARD RATA-RATA SEWA ALAT BESAR, ALAT MEKANIK TRUK, KENDARAAN RODA 34 DAN LAINNYA",Cirebon
Concrete mixer 0.125 m3,hari,10980.00,"STANDARD RATA-RATA SEWA ALAT BESAR, ALAT MEKANIK TRUK, KENDARAAN RODA 35 DAN LAINNYA",Cirebon
Concrete mixer 0.25 m3,hari,18450.00,"STANDARD RATA-RATA SEWA ALAT BESAR, ALAT MEKANIK TRUK, KENDARAAN RODA 36 DAN LAINNYA",Cirebon
Concrete mixer 0.5 m3,hari,36870.00,"STANDARD RATA-RATA SEWA ALAT BESAR, ALAT MEKANIK TRUK, KENDARAAN RODA 37 DAN LAINNYA",Cirebon
Compressor air,hari,85580.00,"STANDARD RATA-RATA SEWA ALAT BESAR, ALAT MEKANIK TRUK, KENDARAAN RODA 38 DAN LAINNYA",Cirebon
Generator 3-5Kva,hari,21000.00,"STANDARD RATA-RATA SEWA ALAT BESAR, ALAT MEKANIK TRUK, KENDARAAN RODA 39 DAN LAINNYA",Cirebon
Water pump D 5cm - 30 m3/hr,hari,14090.00,"STANDARD RATA-RATA SEWA ALAT BESAR, ALAT MEKANIK TRUK, KENDARAAN RODA 40 DAN LAINNYA",Cirebon
Water pump D 10cm - 40 m3/hr,hari,27560.00,"STANDARD RATA-RATA SEWA ALAT BESAR, ALAT MEKANIK TRUK, KENDARAAN RODA 41 DAN LAINNYA",Cirebon
Jack Hammer Equipment,hari,8900.00,"STANDARD RATA-RATA SEWA ALAT BESAR, ALAT MEKANIK TRUK, KENDARAAN RODA 42 DAN LAINNYA",Cirebon
Blower,hari,7240.00,"STANDARD RATA-RATA SEWA ALAT BESAR, ALAT MEKANIK TRUK, KENDARAAN RODA 43 DAN LAINNYA",Cirebon
Aplicator Thermoplastic,hari,22220.00,"STANDARD RATA-RATA SEWA ALAT BESAR, ALAT MEKANIK TRUK, KENDARAAN RODA 44 DAN LAINNYA",Cirebon
Crane,hari,217440.00,"STANDARD RATA-RATA SEWA ALAT BESAR, ALAT MEKANIK TRUK, KENDARAAN RODA 45 DAN LAINNYA",Cirebon
Hidraulik Jacking,hari,1557430.00,"STANDARD RATA-RATA SEWA ALAT BESAR, ALAT MEKANIK TRUK, KENDARAAN RODA 46 DAN LAINNYA",Cirebon
Alat ukur infra merah,hari,26570.00,"STANDARD RATA-RATA SEWA ALAT BESAR, ALAT MEKANIK TRUK, KENDARAAN RODA 47 DAN LAINNYA",Cirebon
alat ukur theodolite,hari,12080.00,"STANDARD RATA-RATA SEWA ALAT BESAR, ALAT MEKANIK TRUK, KENDARAAN RODA 48 DAN LAINNYA",Cirebon
Bucket kanal kap. 1.3m3 lengkap,hari,8690.00,"STANDARD RATA-RATA SEWA ALAT BESAR, ALAT MEKANIK TRUK, KENDARAAN RODA 49 DAN LAINNYA",Cirebon
Minyak Tanah,ltr,14600.00,BAHAN BAKAR DAN PELUMAS,Cirebon
Kayu Bakar dari Kayu Karet,m3,0.00,BAHAN BAKAR DAN PELUMAS,Cirebon
Bahan Bakar Residu,ltr,0.00,BAHAN BAKAR DAN PELUMAS,Cirebon
Minyak Solar,ltr,10400.00,BAHAN BAKAR DAN PELUMAS,Cirebon
Bensin Premium,ltr,0.00,BAHAN BAKAR DAN PELUMAS,Cirebon
Plus oil,ltr,0.00,BAHAN BAKAR DAN PELUMAS,Cirebon
Oli Mesran 40 SAE,ltr,0.00,BAHAN BAKAR DAN PELUMAS,Cirebon
Elpiji/Botol,12 kg,0.00,BAHAN BAKAR DAN PELUMAS,Cirebon
Asitilin / Botol,15.1 kg,0.00,BAHAN BAKAR DAN PELUMAS,Cirebon
Angin (02) / Botol,btl,0.00,BAHAN BAKAR DAN PELUMAS,Cirebon
Mesin las listrik,jam,45000.00,BAHAN BAKAR DAN PELUMAS,Cirebon
Karbit,m1,15000.00,BAHAN BAKAR DAN PELUMAS,Cirebon
Minyak Bekisting,ltr,19600.00,BAHAN BAKAR DAN PELUMAS,Cirebon
Print Spanduk,m2,90000.00,BAHAN BAKAR DAN PELUMAS,Cirebon
sealant,tube,27500.00,BAHAN BAKAR DAN PELUMAS,Cirebon
Pasir Urug ,m3,186230.00,"AGREGAT KASAR, BAHAN PEREKAT DAN BAHAN JADINYA",Ganesha
Sirtu ,m3,186000.00,"AGREGAT KASAR, BAHAN PEREKAT DAN BAHAN JADINYA",Ganesha
Pasir Teras ,m3,164560.00,"AGREGAT KASAR, BAHAN PEREKAT DAN BAHAN JADINYA",Ganesha
Pasir Pasang Kali ,m3,194700.00,"AGREGAT KASAR, BAHAN PEREKAT DAN BAHAN JADINYA",Ganesha
Pasir Beton ,m3,230890.00,"AGREGAT KASAR, BAHAN PEREKAT DAN BAHAN JADINYA",Ganesha
Abu Batu ,m3,136000.00,"AGREGAT KASAR, BAHAN PEREKAT DAN BAHAN JADINYA",Ganesha
Batu Gosok (Apung) ,kg,10580.00,"AGREGAT KASAR, BAHAN PEREKAT DAN BAHAN JADINYA",Ganesha
Batu Pecah Mesin 1/2 ,m3,168000.00,"AGREGAT KASAR, BAHAN PEREKAT DAN BAHAN JADINYA",Ganesha
Batu Pecah Mesin 2/3,m3,195120.00,"AGREGAT KASAR, BAHAN PEREKAT DAN BAHAN JADINYA",Ganesha
Batu Pecah Mesin 3/5,m3,181570.00,"AGREGAT KASAR, BAHAN PEREKAT DAN BAHAN JADINYA",Ganesha
Batu Pecah Mesin 5/7,m3,155050.00,"AGREGAT KASAR, BAHAN PEREKAT DAN BAHAN JADINYA",Ganesha
Batu Belah Pondasi ,m3,110000.00,"AGREGAT KASAR, BAHAN PEREKAT DAN BAHAN JADINYA",Ganesha
Batu Bronjol (Untuk Bronjong),m3,130000.00,"AGREGAT KASAR, BAHAN PEREKAT DAN BAHAN JADINYA",Ganesha
Batu Koral Beton Kali ,m3,148100.00,"AGREGAT KASAR, BAHAN PEREKAT DAN BAHAN JADINYA",Ganesha
Batu Tempel Hitam ,m2,72600.00,"AGREGAT KASAR, BAHAN PEREKAT DAN BAHAN JADINYA",Ganesha
Batu Pinggir Beton 10x20x35,bh,26800.00,"AGREGAT KASAR, BAHAN PEREKAT DAN BAHAN JADINYA",Ganesha
Batu Pinggir Beton 15x35x50 (K-225),bh,48750.00,"AGREGAT KASAR, BAHAN PEREKAT DAN BAHAN JADINYA",Ganesha
Batu Telor ,m3,102850.00,"AGREGAT KASAR, BAHAN PEREKAT DAN BAHAN JADINYA",Ganesha
Batako Kecil 8x10x20,bh,1370.00,"AGREGAT KASAR, BAHAN PEREKAT DAN BAHAN JADINYA",Ganesha
Batako Besar 8x20x30,bh,2470.00,"AGREGAT KASAR, BAHAN PEREKAT DAN BAHAN JADINYA",Ganesha
Con Blok 8x20x40,bh,4950.00,"AGREGAT KASAR, BAHAN PEREKAT DAN BAHAN JADINYA",Ganesha
Bata Merah Bakar kelas I,bh,798.00,"AGREGAT KASAR, BAHAN PEREKAT DAN BAHAN JADINYA",Ganesha
Bata Merah Bakar kelas II,bh,660.00,"AGREGAT KASAR, BAHAN PEREKAT DAN BAHAN JADINYA",Ganesha
Bata Merah Oven (Klingker),bh,1035.00,"AGREGAT KASAR, BAHAN PEREKAT DAN BAHAN JADINYA",Ganesha
Rooster Beton 20x20 ,bh,5940.00,"AGREGAT KASAR, BAHAN PEREKAT DAN BAHAN JADINYA",Ganesha
Rooster Beton 30x30,bh,5940.00,"AGREGAT KASAR, BAHAN PEREKAT DAN BAHAN JADINYA",Ganesha
Grass Blok 20x20,bh,5940.00,"AGREGAT KASAR, BAHAN PEREKAT DAN BAHAN JADINYA",Ganesha
Grass Blok 30x45,bh,6600.00,"AGREGAT KASAR, BAHAN PEREKAT DAN BAHAN JADINYA",Ganesha
Paving Blok Natural 8cm ,m2,109440.00,"AGREGAT KASAR, BAHAN PEREKAT DAN BAHAN JADINYA",Ganesha
Paving Blok Warna 8cm ,m2,119370.00,"AGREGAT KASAR, BAHAN PEREKAT DAN BAHAN JADINYA",Ganesha
Paving Blok Natural  6cm ,m2,100980.00,"AGREGAT KASAR, BAHAN PEREKAT DAN BAHAN JADINYA",Ganesha
Paving Blok Warna 6cm ,m2,110000.00,"AGREGAT KASAR, BAHAN PEREKAT DAN BAHAN JADINYA",Ganesha
Kanstin Paving Blok ,m1,26800.00,"AGREGAT KASAR, BAHAN PEREKAT DAN BAHAN JADINYA",Ganesha
Semen PC Tiga Roda / 50 kg,zak,68790.00,"AGREGAT KASAR, BAHAN PEREKAT DAN BAHAN JADINYA",Ganesha
Semen Putih ,zak,87000.00,"AGREGAT KASAR, BAHAN PEREKAT DAN BAHAN JADINYA",Ganesha
Kanstin Jalan Ukuran Besar (Bina Marga) 1bh = 60 cm ,bh,27500.00,"AGREGAT KASAR, BAHAN PEREKAT DAN BAHAN JADINYA",Ganesha
"Readymix Beton K 300, tanpa Pompa (selang) ",m3,1047538.00,"AGREGAT KASAR, BAHAN PEREKAT DAN BAHAN JADINYA",Ganesha
"Readymix Beton K 225, tanpa Pompa (selang) ",m3,1121945.00,"AGREGAT KASAR, BAHAN PEREKAT DAN BAHAN JADINYA",Ganesha
"Readymix Beton K 175, tanpa Pompa (selang) ",m3,929870.00,"AGREGAT KASAR, BAHAN PEREKAT DAN BAHAN JADINYA",Ganesha
Kapur Pasang/Kapur Tembok ,m3,99770.00,"AGREGAT KASAR, BAHAN PEREKAT DAN BAHAN JADINYA",Ganesha
Beton Siklop,kg,2527467.00,"AGREGAT KASAR, BAHAN PEREKAT DAN BAHAN JADINYA",Ganesha
semen warna ,kg,13250.00,"AGREGAT KASAR, BAHAN PEREKAT DAN BAHAN JADINYA",Ganesha
Tanah Liat,m3,120000.00,"AGREGAT KASAR, BAHAN PEREKAT DAN BAHAN JADINYA",Ganesha
Air ,m3,6000.00,"AGREGAT KASAR, BAHAN PEREKAT DAN BAHAN JADINYA",Ganesha
Plamir Tembok ,kg,13500.00,"BAHAN FIHISHING : LABURAN, PENGISI DAN ALATNYA ",Ganesha
Cat Tembok ICI Eksterior,kg,86000.00,"BAHAN FIHISHING : LABURAN, PENGISI DAN ALATNYA ",Ganesha
Cat Tembok ICI Interior,kg,54800.00,"BAHAN FIHISHING : LABURAN, PENGISI DAN ALATNYA ",Ganesha
Cat Tembok Vinilex ,kg,32500.00,"BAHAN FIHISHING : LABURAN, PENGISI DAN ALATNYA ",Ganesha
Cat Tembok Catylac Eksterior,ltr,187550.00,"BAHAN FIHISHING : LABURAN, PENGISI DAN ALATNYA ",Ganesha
Cat Tembok Sanlex,kg,110000.00,"BAHAN FIHISHING : LABURAN, PENGISI DAN ALATNYA ",Ganesha
Cat Tahan Asam ,kg,118150.00,"BAHAN FIHISHING : LABURAN, PENGISI DAN ALATNYA ",Ganesha
Cat Tembok Catylac Interior,ltr,175450.00,"BAHAN FIHISHING : LABURAN, PENGISI DAN ALATNYA ",Ganesha
Cat Marka/ Spotlight ,kg,107030.00,"BAHAN FIHISHING : LABURAN, PENGISI DAN ALATNYA ",Ganesha
Waterprofing Emulsion ,kg,99700.00,"BAHAN FIHISHING : LABURAN, PENGISI DAN ALATNYA ",Ganesha
Waterprofing Membrance,m2,78650.00,"BAHAN FIHISHING : LABURAN, PENGISI DAN ALATNYA ",Ganesha
Rol Cat tembok ,bh,30250.00,"BAHAN FIHISHING : LABURAN, PENGISI DAN ALATNYA ",Ganesha
Kape Tembok ,bh,11000.00,"BAHAN FIHISHING : LABURAN, PENGISI DAN ALATNYA ",Ganesha
Kape Kayu ,bh,10450.00,"BAHAN FIHISHING : LABURAN, PENGISI DAN ALATNYA ",Ganesha
Soligneum 1 blok ,5ltr,6750.00,"BAHAN FIHISHING : LABURAN, PENGISI DAN ALATNYA ",Ganesha
Plincote,kg,45000.00,"BAHAN FIHISHING : LABURAN, PENGISI DAN ALATNYA ",Ganesha
Cat dasar Jembatan,m3,15120.00,"BAHAN FIHISHING : LABURAN, PENGISI DAN ALATNYA ",Ganesha
Cat Tembok Wiratex,m3,45000.00,"BAHAN FIHISHING : LABURAN, PENGISI DAN ALATNYA ",Ganesha
Kuas 3",bh,12500.00,"BAHAN FIHISHING : LABURAN, PENGISI DAN ALATNYA ",Ganesha
Oten (pewarna Plitur),kg,8250.00,"BAHAN FIHISHING : LABURAN, PENGISI DAN ALATNYA ",Ganesha
Glass Blead,bks,19480.00,"BAHAN FIHISHING : LABURAN, PENGISI DAN ALATNYA ",Ganesha
Thermo Plastic,bks,37180.00,"BAHAN FIHISHING : LABURAN, PENGISI DAN ALATNYA ",Ganesha
Spiritus ,ltr,9333.00,"BAHAN FIHISHING : LABURAN, PENGISI DAN ALATNYA ",Ganesha
Oker Putih,kg,19250.00,"BAHAN FIHISHING : LABURAN, PENGISI DAN ALATNYA ",Ganesha
Dempul lilin,kg,7860.00,"BAHAN FIHISHING : LABURAN, PENGISI DAN ALATNYA ",Ganesha
Dempul Plitur ,kg,31430.00,"BAHAN FIHISHING : LABURAN, PENGISI DAN ALATNYA ",Ganesha
Dempul Plastik ,kg,31284.00,"BAHAN FIHISHING : LABURAN, PENGISI DAN ALATNYA ",Ganesha
Terpentin ,ltr,10650.00,"BAHAN FIHISHING : LABURAN, PENGISI DAN ALATNYA ",Ganesha
Tiner A,ltr,13200.00,"BAHAN FIHISHING : LABURAN, PENGISI DAN ALATNYA ",Ganesha
Tiner B,ltr,13200.00,"BAHAN FIHISHING : LABURAN, PENGISI DAN ALATNYA ",Ganesha
Kumpon ,kg,46970.00,"BAHAN FIHISHING : LABURAN, PENGISI DAN ALATNYA ",Ganesha
Melamik ,kg,42350.00,"BAHAN FIHISHING : LABURAN, PENGISI DAN ALATNYA ",Ganesha
Plitur Jadi DX,kg,42350.00,"BAHAN FIHISHING : LABURAN, PENGISI DAN ALATNYA ",Ganesha
Plitur Jadi Ultran,kg,52250.00,"BAHAN FIHISHING : LABURAN, PENGISI DAN ALATNYA ",Ganesha
Ampelas ,lbr,5000.00,"BAHAN FIHISHING : LABURAN, PENGISI DAN ALATNYA ",Ganesha
Dempul Kayu Cap Kucing ,kg,21578.00,"BAHAN FIHISHING : LABURAN, PENGISI DAN ALATNYA ",Ganesha
Meni Kayu/ Besi ,kg,20000.00,"BAHAN FIHISHING : LABURAN, PENGISI DAN ALATNYA ",Ganesha
Sincromat,kg,54690.00,"BAHAN FIHISHING : LABURAN, PENGISI DAN ALATNYA ",Ganesha
Cat Kayu Sieve ,kg,49500.00,"BAHAN FIHISHING : LABURAN, PENGISI DAN ALATNYA ",Ganesha
Cat Besi  Sieve ,kg,49500.00,"BAHAN FIHISHING : LABURAN, PENGISI DAN ALATNYA ",Ganesha
Vernis,kg,33000.00,"BAHAN FIHISHING : LABURAN, PENGISI DAN ALATNYA ",Ganesha
Cat Bron ,kg,59180.00,"BAHAN FIHISHING : LABURAN, PENGISI DAN ALATNYA ",Ganesha
Bambu dia 5 s/d 7,bt,22500.00,BAHAN KAYU BERIKUT BAHAN JADINYA ,Ganesha
Bambu dia. 7 s.d. 10,bt,33500.00,BAHAN KAYU BERIKUT BAHAN JADINYA ,Ganesha
Bambu gombong,bt,50490.00,BAHAN KAYU BERIKUT BAHAN JADINYA ,Ganesha
Kayu papan terlentang,m3,1996500.00,BAHAN KAYU BERIKUT BAHAN JADINYA ,Ganesha
kayu kamper singkil / kapur (K. samarinda kelas II),m3,6365000.00,BAHAN KAYU BERIKUT BAHAN JADINYA ,Ganesha
Kayu balok borneo super,m3,4445000.00,BAHAN KAYU BERIKUT BAHAN JADINYA ,Ganesha
kayu papan borneo super,m3,5147000.00,BAHAN KAYU BERIKUT BAHAN JADINYA ,Ganesha
kayu balok kamper medan (kruing),m3,5687000.00,BAHAN KAYU BERIKUT BAHAN JADINYA ,Ganesha
kayu papan kamper medan (kruing),m3,6365000.00,BAHAN KAYU BERIKUT BAHAN JADINYA ,Ganesha
kayu balok kamper banjar,m3,6050000.00,BAHAN KAYU BERIKUT BAHAN JADINYA ,Ganesha
kayu papan kamper banjar,m3,6352000.00,BAHAN KAYU BERIKUT BAHAN JADINYA ,Ganesha
kayu balok kamper samarinda,m3,8293000.00,BAHAN KAYU BERIKUT BAHAN JADINYA ,Ganesha
kayu papann kamper samarinda,m3,9018000.00,BAHAN KAYU BERIKUT BAHAN JADINYA ,Ganesha
kayu balok rasamala,m3,2403500.00,BAHAN KAYU BERIKUT BAHAN JADINYA ,Ganesha
kayu jati jatim / jateng tua dia. 70 cm,m3,25439000.00,BAHAN KAYU BERIKUT BAHAN JADINYA ,Ganesha
kayu jati jatim / jateng tua dia. 40 cm,m3,19085000.00,BAHAN KAYU BERIKUT BAHAN JADINYA ,Ganesha
kayu jati jabar tua dia. 40 cm,m3,17077500.00,BAHAN KAYU BERIKUT BAHAN JADINYA ,Ganesha
kayu jati jabar tua dia. 40 cm kebawah,m3,8728000.00,BAHAN KAYU BERIKUT BAHAN JADINYA ,Ganesha
"kayu hutan kelas I (segeng, mahoni, laban)",m3,3675000.00,BAHAN KAYU BERIKUT BAHAN JADINYA ,Ganesha
Kayu albasia,m3,1705000.00,BAHAN KAYU BERIKUT BAHAN JADINYA ,Ganesha
dolken 5 s.d. 7,bt,24970.00,BAHAN KAYU BERIKUT BAHAN JADINYA ,Ganesha
dolken 7 s.d. 10,bt,29600.00,BAHAN KAYU BERIKUT BAHAN JADINYA ,Ganesha
list profil kamper 1x1cm,m1,3820.00,BAHAN KAYU BERIKUT BAHAN JADINYA ,Ganesha
list profil kamper 2x1cm,m1,4510.00,BAHAN KAYU BERIKUT BAHAN JADINYA ,Ganesha
list profil kamper 4x1cm,m1,5690.00,BAHAN KAYU BERIKUT BAHAN JADINYA ,Ganesha
list profil kamper 5x1cm,m1,7640.00,BAHAN KAYU BERIKUT BAHAN JADINYA ,Ganesha
list profil kamper 10x1.5cm,m1,22385.00,BAHAN KAYU BERIKUT BAHAN JADINYA ,Ganesha
pegangan tangga profil jati,m1,129800.00,BAHAN KAYU BERIKUT BAHAN JADINYA ,Ganesha
pegangan tangga profil kamper,m1,41140.00,BAHAN KAYU BERIKUT BAHAN JADINYA ,Ganesha
kayu reng 2/3 borneo super,m1,3088.20,BAHAN KAYU BERIKUT BAHAN JADINYA ,Ganesha
kayu reng 2/3 kamper banjar,m1,3811.20,BAHAN KAYU BERIKUT BAHAN JADINYA ,Ganesha
kayu reng 3/4 kamper banjar,m1,7622.40,BAHAN KAYU BERIKUT BAHAN JADINYA ,Ganesha
Bahan plafond eternit 4mm (bola dunia),m2,14000.00,BAHAN PENUTUP RANGKA PLAFOND,Ganesha
Bahan plafond harflex 5mm 120x240,lbr,92400.00,BAHAN PENUTUP RANGKA PLAFOND,Ganesha
GRC,m2,84150.00,BAHAN PENUTUP RANGKA PLAFOND,Ganesha
Gypsum 120x240 t=9mm ex. DN (jayaboard),lbr,64130.00,BAHAN PENUTUP RANGKA PLAFOND,Ganesha
Gypsum 120x240 t=9mm ex. Luar,lbr,96250.00,BAHAN PENUTUP RANGKA PLAFOND,Ganesha
akustik amstrong 60x120,lbr,18970.00,BAHAN PENUTUP RANGKA PLAFOND,Ganesha
"list profil gypsum, L=10cm",m1,13310.00,BAHAN PENUTUP RANGKA PLAFOND,Ganesha
list gypsum 14cm,kg,18150.00,BAHAN PENUTUP RANGKA PLAFOND,Ganesha
Tripleks 3mm 120x240,lbr,47300.00,BAHAN KAYU LAPIS,Ganesha
Tripleks 4mm 120x240,lbr,58300.00,BAHAN KAYU LAPIS,Ganesha
Tripleks 4mm uk. Pintu,lbr,55000.00,BAHAN KAYU LAPIS,Ganesha
Tripleks 6mm 120x240,lbr,80300.00,BAHAN KAYU LAPIS,Ganesha
Tripleks 9mm 120x240,lbr,147500.00,BAHAN KAYU LAPIS,Ganesha
Jabar wood 4mm,lbr,104500.00,BAHAN KAYU LAPIS,Ganesha
Bilik bambu (tanpa kulit),m2,39050.00,BAHAN KAYU LAPIS,Ganesha
Bilik bambu (dengan kulit),m2,81070.00,BAHAN KAYU LAPIS,Ganesha
bilik bambu hitam variasi (motif),m2,27500.00,BAHAN KAYU LAPIS,Ganesha
wallpaper (kelas menengah),m2,55000.00,BAHAN KAYU LAPIS,Ganesha
wallpaper biasa 050x1000,roll,102850.00,BAHAN KAYU LAPIS,Ganesha
multipleks 9mm 120x240,lbr,137500.00,BAHAN KAYU LAPIS,Ganesha
multipleks 12mm 120x240,lbr,176000.00,BAHAN KAYU LAPIS,Ganesha
multipleks 18mm 120x240,lbr,203500.00,BAHAN KAYU LAPIS,Ganesha
plywood 18mm 120x240,lbr,323000.00,BAHAN KAYU LAPIS,Ganesha
teakwood 3mm 120x240,lbr,107250.00,BAHAN KAYU LAPIS,Ganesha
teakwood 4mm 120x240,lbr,121000.00,BAHAN KAYU LAPIS,Ganesha
teakwood 3mm untuk pintu,lbr,88000.00,BAHAN KAYU LAPIS,Ganesha
teakwood 4mm untuk pintu,lbr,107800.00,BAHAN KAYU LAPIS,Ganesha
softboard 120x240,m2,48400.00,BAHAN KAYU LAPIS,Ganesha
partikel board 120x240,m2,102850.00,BAHAN KAYU LAPIS,Ganesha
melamin 4mm 120x240,lbr,133100.00,BAHAN KAYU LAPIS,Ganesha
melamin TOK 4mm,lbr,112000.00,BAHAN KAYU LAPIS,Ganesha
Formika 120x240,lbr,133100.00,BAHAN KAYU LAPIS,Ganesha
Formika ukuran pintu,lbr,129470.00,BAHAN KAYU LAPIS,Ganesha
Tegel PC 20x20,bh,1430.00,BAHAN LANTAI DAN PELAPIS DINDING,Ganesha
Plint tegel PC 10x20,bh,1400.00,BAHAN LANTAI DAN PELAPIS DINDING,Ganesha
Tegel PC 30x30,bh,2200.00,BAHAN LANTAI DAN PELAPIS DINDING,Ganesha
Plint tegel PC 15x30,bh,1300.00,BAHAN LANTAI DAN PELAPIS DINDING,Ganesha
Tegel warna 20x20,bh,2100.00,BAHAN LANTAI DAN PELAPIS DINDING,Ganesha
Plint tegel warna 10x20,bh,1500.00,BAHAN LANTAI DAN PELAPIS DINDING,Ganesha
Tegel warna 30x30,bh,2600.00,BAHAN LANTAI DAN PELAPIS DINDING,Ganesha
Plint tegel warna 15x30,bh,2470.00,BAHAN LANTAI DAN PELAPIS DINDING,Ganesha
tegel wafel PC 20x20,bh,1500.00,BAHAN LANTAI DAN PELAPIS DINDING,Ganesha
Tegel wafel warna 20x20,bh,2300.00,BAHAN LANTAI DAN PELAPIS DINDING,Ganesha
Tegel badak PC 30x30,bh,2300.00,BAHAN LANTAI DAN PELAPIS DINDING,Ganesha
Poslin 11x11 warna standard DN,m2,59350.00,BAHAN LANTAI DAN PELAPIS DINDING,Ganesha
Poslin 11x11 warna khusus DN,m2,63525.00,BAHAN LANTAI DAN PELAPIS DINDING,Ganesha
kermaik 10x20 dan 20x20 KW I DN putih/polos,m2,51900.00,BAHAN LANTAI DAN PELAPIS DINDING,Ganesha
keramik 10x20 KW I DN Corak/warna/antislip,m2,57200.00,BAHAN LANTAI DAN PELAPIS DINDING,Ganesha
keramik 20x20 (KM) KW I DN Corak/warna/antislip,m2,58960.00,BAHAN LANTAI DAN PELAPIS DINDING,Ganesha
keramik 20x20 (KM) KW I DN Putih polos,m2,51900.00,BAHAN LANTAI DAN PELAPIS DINDING,Ganesha
keramik 20x25 dinding KM KW I DN Corak,m2,53350.00,BAHAN LANTAI DAN PELAPIS DINDING,Ganesha
keramik 30x30 KW I DN putih polos,m2,54550.00,BAHAN LANTAI DAN PELAPIS DINDING,Ganesha
keramik 30x30 KW I DN warna/corak(antislip),m2,57200.00,BAHAN LANTAI DAN PELAPIS DINDING,Ganesha
vynil lantai standard,m2,4650.00,BAHAN LANTAI DAN PELAPIS DINDING,Ganesha
karpet kelas baik LN,m2,66550.00,BAHAN LANTAI DAN PELAPIS DINDING,Ganesha
karpet kelas sedang LN,m2,181500.00,BAHAN LANTAI DAN PELAPIS DINDING,Ganesha
stairnosing keramik 10/20,m1,13310.00,BAHAN LANTAI DAN PELAPIS DINDING,Ganesha
stairnosing fiber,m2,15125.00,BAHAN LANTAI DAN PELAPIS DINDING,Ganesha
taraso kerang 30x30,bh,1250000.00,BAHAN LANTAI DAN PELAPIS DINDING,Ganesha
plint taraso 10x30,m2,45000.00,BAHAN LANTAI DAN PELAPIS DINDING,Ganesha
granit alam LN uk. Besar,m2,2053920.00,BAHAN LANTAI DAN PELAPIS DINDING,Ganesha
granit alam LN uk. Keil,m2,1727660.00,BAHAN LANTAI DAN PELAPIS DINDING,Ganesha
granit alam DN uk. Besar,m2,1510520.00,BAHAN LANTAI DAN PELAPIS DINDING,Ganesha
granit alam LN uk. Kecil,m2,1401290.00,BAHAN LANTAI DAN PELAPIS DINDING,Ganesha
Granito Tile Essensa uk. 40x40 polis,m2,242000.00,BAHAN LANTAI DAN PELAPIS DINDING,Ganesha
Granito Tile Essensa uk. 40x40 unpolis,m2,175450.00,BAHAN LANTAI DAN PELAPIS DINDING,Ganesha
Marmer Alam Citatah 15/30,m2,95161.00,BAHAN LANTAI DAN PELAPIS DINDING,Ganesha
Marmer Alam Citatah 20/30,m2,109802.00,BAHAN LANTAI DAN PELAPIS DINDING,Ganesha
Marmer Alam Citatah 30/30,m2,124443.00,BAHAN LANTAI DAN PELAPIS DINDING,Ganesha
Marmer Alam Citatah 40/40,m2,147069.00,BAHAN LANTAI DAN PELAPIS DINDING,Ganesha
Marmer Alam Citatah 60/60,m2,212500.00,BAHAN LANTAI DAN PELAPIS DINDING,Ganesha
Granito Tile Essensa uk. 60x60 polis,m2,312600.00,BAHAN LANTAI DAN PELAPIS DINDING,Ganesha
Granito Tile Essensa uk. 60x60 unpolis,m2,277400.00,BAHAN LANTAI DAN PELAPIS DINDING,Ganesha
Bata Karawamg,bh,8250.00,BAHAN LANTAI DAN PELAPIS DINDING,Ganesha
Floor hardener,ltr,16500.00,BAHAN LANTAI DAN PELAPIS DINDING,Ganesha
Grafel U 20 cm',m1,33500.00,BAHAN SALURAN AIR KOTOR/BERSIH,Ganesha
Grafel U 30 cm',m1,47120.00,BAHAN SALURAN AIR KOTOR/BERSIH,Ganesha
Grafel U 40 cm' ,m1,62500.00,BAHAN SALURAN AIR KOTOR/BERSIH,Ganesha
Buis Beton dia. 20 cm (1m'),m1,59895.00,BAHAN SALURAN AIR KOTOR/BERSIH,Ganesha
Buis Beton dia. 30 cm (1m'),m1,851874.00,BAHAN SALURAN AIR KOTOR/BERSIH,Ganesha
Buis Beton dia. 40 cm (1m'),m1,120500.00,BAHAN SALURAN AIR KOTOR/BERSIH,Ganesha
Buis Beton dia. 50 cm (1m'),stk,124310.00,BAHAN SALURAN AIR KOTOR/BERSIH,Ganesha
Buis Beton dia. 60 cm (1m'),stk,162890.00,BAHAN SALURAN AIR KOTOR/BERSIH,Ganesha
Buis Beton dia. 100 cm (0.50m'),stk,172230.00,BAHAN SALURAN AIR KOTOR/BERSIH,Ganesha
Buis Beton dia. 80 cm (0.50m'),stk,216880.00,BAHAN SALURAN AIR KOTOR/BERSIH,Ganesha
Buis Tanah dia. 10 cm (0.50m'),stk,7040.00,BAHAN SALURAN AIR KOTOR/BERSIH,Ganesha
Buis Tanah dia. 15 cm (0.50m'),stk,10670.00,BAHAN SALURAN AIR KOTOR/BERSIH,Ganesha
Buis Tanah dia. 20 cm (0.50m'),stk,12430.00,BAHAN SALURAN AIR KOTOR/BERSIH,Ganesha
Buis Tanah dia. 25 cm (0.50m'),stk,17600.00,BAHAN SALURAN AIR KOTOR/BERSIH,Ganesha
Injuk,kg,12500.00,BAHAN SALURAN AIR KOTOR/BERSIH,Ganesha
Besi Beton U-24 Rata-rata,kg,11847.00,BAHAN LOGAM DAN BAHAN JADINYA,Ganesha
Besi Beton U-39/U-32 Rata-rata,kg,11847.00,BAHAN LOGAM DAN BAHAN JADINYA,Ganesha
Pagar BRC Lengkap Tiang (Tanpa Pondasi),m2,209000.00,BAHAN LOGAM DAN BAHAN JADINYA,Ganesha
Bondek,m2,117370.00,BAHAN LOGAM DAN BAHAN JADINYA,Ganesha
IWF Ex. DN SII,kg,14980.00,BAHAN LOGAM DAN BAHAN JADINYA,Ganesha
IWF Ex. Jepang,kg,14980.00,BAHAN LOGAM DAN BAHAN JADINYA,Ganesha
Besi Profil DN SII,kg,14980.00,BAHAN LOGAM DAN BAHAN JADINYA,Ganesha
Besi Profil EX. LN,kg,15965.00,BAHAN LOGAM DAN BAHAN JADINYA,Ganesha
Besi C Lip Channel,kg,14980.00,BAHAN LOGAM DAN BAHAN JADINYA,Ganesha
Ongkos Galvanis Besi,kg,13750.00,BAHAN LOGAM DAN BAHAN JADINYA,Ganesha
Kawat Beton ,kg,18571.00,BAHAN LOGAM DAN BAHAN JADINYA,Ganesha
Kawat Duri ,m1,5000.00,BAHAN LOGAM DAN BAHAN JADINYA,Ganesha
Kawat Pengikat,m1,2500.00,BAHAN LOGAM DAN BAHAN JADINYA,Ganesha
Kawat Brojong 4mm,kg,11310.00,BAHAN LOGAM DAN BAHAN JADINYA,Ganesha
Kawat Tembaga,kg,41910.00,BAHAN LOGAM DAN BAHAN JADINYA,Ganesha
Ram Nyamuk Hijau,m2,27225.00,BAHAN LOGAM DAN BAHAN JADINYA,Ganesha
Ram Kawat 1x1 cm,m2,147660.00,BAHAN LOGAM DAN BAHAN JADINYA,Ganesha
kawat Bronjong 3mm,m2,12040.00,BAHAN LOGAM DAN BAHAN JADINYA,Ganesha
Kawat Kasa 2.0x2.0 dia 2mm,m2,30250.00,BAHAN LOGAM DAN BAHAN JADINYA,Ganesha
Kawat Kasa 3.0x3.0 dia 2mm,m2,21120.00,BAHAN LOGAM DAN BAHAN JADINYA,Ganesha
Kawat Harmonika 4.0x4.0 dia 2cm,m2,20900.00,BAHAN LOGAM DAN BAHAN JADINYA,Ganesha
Kawat Las Listik ,kg,60000.00,BAHAN LOGAM DAN BAHAN JADINYA,Ganesha
Wiremesh M8,m2,41800.00,BAHAN LOGAM DAN BAHAN JADINYA,Ganesha
Wiremesh M6,m2,36850.00,BAHAN LOGAM DAN BAHAN JADINYA,Ganesha
kawat seng galvanis 3mm,m2,30250.00,BAHAN LOGAM DAN BAHAN JADINYA,Ganesha
kawat seng galvanis 4mm,m2,21120.00,BAHAN LOGAM DAN BAHAN JADINYA,Ganesha
kawat seng galvanis 5mm,m2,20900.00,BAHAN LOGAM DAN BAHAN JADINYA,Ganesha
seng BJLS 25 90x180cm,bt,51425.00,BAHAN LOGAM DAN BAHAN JADINYA,Ganesha
seng BJLS 30 90x180cm,bt,66550.00,BAHAN LOGAM DAN BAHAN JADINYA,Ganesha
Plat Aluminium 0.25 mm,lbr,42350.00,BAHAN LOGAM DAN BAHAN JADINYA,Ganesha
Plat Aluminium 0.3 mm,lbr,5000.00,BAHAN LOGAM DAN BAHAN JADINYA,Ganesha
Plat Aluminium 0.4 mm,lbr,55000.00,BAHAN LOGAM DAN BAHAN JADINYA,Ganesha
Plat Aluminium 0.5 mm,lbr,66000.00,BAHAN LOGAM DAN BAHAN JADINYA,Ganesha
Plat Aluminium 0.6 mm,lbr,82500.00,BAHAN LOGAM DAN BAHAN JADINYA,Ganesha
Plat Aluminium 1.0mm,m2,115000.00,BAHAN LOGAM DAN BAHAN JADINYA,Ganesha
kusen alumunium natural 4"YKK,btg,352000.00,BAHAN LOGAM DAN BAHAN JADINYA,Ganesha
kusen alumunium warna 4"YKK,btg,359420.00,BAHAN LOGAM DAN BAHAN JADINYA,Ganesha
kusen alumunium warna 4"edico,btg,214500.00,BAHAN LOGAM DAN BAHAN JADINYA,Ganesha
kusen alumunium natural 4"edico,btg,220000.00,BAHAN LOGAM DAN BAHAN JADINYA,Ganesha
alumunium daun pintu,m1,49720.00,BAHAN LOGAM DAN BAHAN JADINYA,Ganesha
alumunium sheet,m2,75000.00,BAHAN LOGAM DAN BAHAN JADINYA,Ganesha
panel sunscreen alumunuium colorbond,m2,97750.00,BAHAN LOGAM DAN BAHAN JADINYA,Ganesha
Rolling door biasa type grill alumunium,m2,158120.00,BAHAN LOGAM DAN BAHAN JADINYA,Ganesha
Rolling door biasa type selat alumunium,m2,189750.00,BAHAN LOGAM DAN BAHAN JADINYA,Ganesha
Seng Plat BJLS 30 dia. 60cm,m1,42350.00,BAHAN LOGAM DAN BAHAN JADINYA,Ganesha
Seng Plat BJLS 30 dia. 90cm,m1,57425.00,BAHAN LOGAM DAN BAHAN JADINYA,Ganesha
Plat Besi Tipis 1.2mm,kg,15400.00,BAHAN LOGAM DAN BAHAN JADINYA,Ganesha
Plat Besi Tipis 0.8mm,kg,17600.00,BAHAN LOGAM DAN BAHAN JADINYA,Ganesha
Plat Besi 2mm s/d 5mm,kg,14760.00,BAHAN LOGAM DAN BAHAN JADINYA,Ganesha
Plat Besi 6mm s/d 10mm,kg,14760.00,BAHAN LOGAM DAN BAHAN JADINYA,Ganesha
Plat Besi 10mm keatas,kg,14760.00,BAHAN LOGAM DAN BAHAN JADINYA,Ganesha
Lem Kuning (Aibond),kg,40000.00,BAHAN LOGAM DAN BAHAN JADINYA,Ganesha
Lem Fox,kg,19250.00,BAHAN LOGAM DAN BAHAN JADINYA,Ganesha
Kaca Polos 2 mm (ASAHI),m2,60500.00,BAHAN KACA,Ganesha
Kaca Polos 3 mm (ASAHI),m2,94380.00,BAHAN KACA,Ganesha
Kaca Polos 5 mm (ASAHI),m2,121000.00,BAHAN KACA,Ganesha
Kaca Rayben 5 mm (ASAHI),m2,192500.00,BAHAN KACA,Ganesha
Kaca Rayben 8 mm (ASAHI),m2,412500.00,BAHAN KACA,Ganesha
Kaca Es 3mm,m2,140800.00,BAHAN KACA,Ganesha
Kaca Patri Lokal Terpasang (ASAHI),m2,1650000.00,BAHAN KACA,Ganesha
Kaca Patri ex. Luar Negeri Terpasang,m2,4840000.00,BAHAN KACA,Ganesha
Kaca Cermin 5mm,m2,165000.00,BAHAN KACA,Ganesha
Glass Block DN 20x20 (Kedawung),bh,27700.00,BAHAN KACA,Ganesha
Glass Block DN 20x20 Ex. LN,bh,105875.00,BAHAN KACA,Ganesha
Paku 1cm s/d 2 1/2 cm,kg,19250.00,BAHAN PAKU DAN MUR BAUT,Ganesha
Paku 4cm s/d 7 cm,kg,17210.00,BAHAN PAKU DAN MUR BAUT,Ganesha
Paku 8cm s/d 12 cm,kg,17210.00,BAHAN PAKU DAN MUR BAUT,Ganesha
Paku Beton 2cm s/d 5cm,bh,400.00,BAHAN PAKU DAN MUR BAUT,Ganesha
Paku Skrup,kg,12250.00,BAHAN PAKU DAN MUR BAUT,Ganesha
Paku Kait Lengkap,bh,1200.00,BAHAN PAKU DAN MUR BAUT,Ganesha
Paku Cacing,kg,55000.00,BAHAN PAKU DAN MUR BAUT,Ganesha
Besi Beugel Kuda-kuda,kg,19250.00,BAHAN PAKU DAN MUR BAUT,Ganesha
Duk Angker,bh,20990.00,BAHAN PAKU DAN MUR BAUT,Ganesha
Angker Mur Baut dia. 19 panjang 60cm,bh,49500.00,BAHAN PAKU DAN MUR BAUT,Ganesha
Mur Baut HTB dia. 19 s/d 16 (5cm),bh,16500.00,BAHAN PAKU DAN MUR BAUT,Ganesha
Mur Baut Biasa dia. 19 s/d 16 (15cm),bh,10450.00,BAHAN PAKU DAN MUR BAUT,Ganesha
Piser dia. 12 s/d 20cm,bh,8250.00,BAHAN PAKU DAN MUR BAUT,Ganesha
Besi Pipa untuk Hydrant BSP dia. 1",bt,109010.00,BAHAN PERPIPAAN,Ganesha
Besi Pipa untuk Hydrant BSP dia. 1.25",bt,115610.00,BAHAN PERPIPAAN,Ganesha
Besi Pipa untuk Hydrant BSP dia. 1.5",bt,126280.00,BAHAN PERPIPAAN,Ganesha
Besi Pipa untuk Hydrant BSP dia. 2",bt,152790.00,BAHAN PERPIPAAN,Ganesha
Pipa GI Medium Class dia 1,bt,237050.00,BAHAN PERPIPAAN,Ganesha
Pipa GI Medium Class dia 2",bt,686400.00,BAHAN PERPIPAAN,Ganesha
Pipa GI Medium Class dia 3",bt,1111180.00,BAHAN PERPIPAAN,Ganesha
Pipa GI Medium Class dia 4",bt,1657700.00,BAHAN PERPIPAAN,Ganesha
Besi Pipa Hitam dia. 1" t=2mm,bt,109610.00,BAHAN PERPIPAAN,Ganesha
Besi Pipa Hitam dia. 2" t=2mm,bt,185000.00,BAHAN PERPIPAAN,Ganesha
Besi Pipa Hitam dia. 3" t=2mm,bt,556650.00,BAHAN PERPIPAAN,Ganesha
Besi Pipa Hitam dia. 4" t=2mm,bt,1139413.00,BAHAN PERPIPAAN,Ganesha
Besi Pipa Hitam dia. 6" t=2mm,bt,3250000.00,BAHAN PERPIPAAN,Ganesha
Pipa GIP Medium A dia. 1" (6 m1),bt,225000.00,BAHAN PERPIPAAN,Ganesha
Pipa GIP Medium A dia. 1 1/4" (6 m1),bt,275000.00,BAHAN PERPIPAAN,Ganesha
Pipa GIP Medium A dia. 1 1/2" (6 m1),bt,225000.00,BAHAN PERPIPAAN,Ganesha
Pipa GIP Medium A dia. 3/4" (6 m1),bt,363000.00,BAHAN PERPIPAAN,Ganesha
Pipa GIP Medium A dia. 2" (6 m1),bt,475000.00,BAHAN PERPIPAAN,Ganesha
Pipa GIP Medium B dia. 1/2" (6 m1),bt,86000.00,BAHAN PERPIPAAN,Ganesha
Pipa GIP Medium B dia. 2" (6 m1),bt,320000.00,BAHAN PERPIPAAN,Ganesha
Pipa GIP Medium B dia. 1 1/2" (6 m1),bt,250000.00,BAHAN PERPIPAAN,Ganesha
Pipa GIP Medium B dia. 3" (6 m1),bt,550000.00,BAHAN PERPIPAAN,Ganesha
Pipa GIP Medium B dia. 4" (6 m1),bt,770000.00,BAHAN PERPIPAAN,Ganesha
Accessories GI Gate Valve dia 2",bh,950620.00,BAHAN PERPIPAAN,Ganesha
Accessories GI Gate Valve dia 2",bh,1339360.00,BAHAN PERPIPAAN,Ganesha
Accessories GI Gate Valve dia 3",bh,1598080.00,BAHAN PERPIPAAN,Ganesha
Accessories GI Gate Valve dia 4",bh,2676960.00,BAHAN PERPIPAAN,Ganesha
Accessories GI Gate Valve dia 8",bh,5784350.00,BAHAN PERPIPAAN,Ganesha
Accessories GI Gate Valve dia 10",bh,9627860.00,BAHAN PERPIPAAN,Ganesha
Accessories GI Gate Valve dia 12",bh,12518110.00,BAHAN PERPIPAAN,Ganesha
Accessories GI Tee Flange 8",bh,207240.00,BAHAN PERPIPAAN,Ganesha
Accessories GI Tee Flange 12",bh,377080.00,BAHAN PERPIPAAN,Ganesha
Drat Socket dia 32mm,bh,5400.00,BAHAN PERPIPAAN,Ganesha
Pipa PVC PARALON S-100 - dia 20mm,bt,8250.00,BAHAN PERPIPAAN,Ganesha
Pipa PVC PARALON S-100 - dia 25mm,bt,12100.00,BAHAN PERPIPAAN,Ganesha
Pipa PVC PARALON S-100 - dia 32mm,bt,14850.00,BAHAN PERPIPAAN,Ganesha
Pipa PVC PARALON S-100 - dia 40mm,bt,19250.00,BAHAN PERPIPAAN,Ganesha
Pipa PVC PARALON S-100 - dia 50mm,bt,49500.00,BAHAN PERPIPAAN,Ganesha
Pipa PVC PARALON S-100 - dia 63mm,bt,60500.00,BAHAN PERPIPAAN,Ganesha
Pipa PVC PARALON S-100 - dia 75mm,bt,82500.00,BAHAN PERPIPAAN,Ganesha
Pipa PVC PARALON S-100 - dia 90mm,bt,99000.00,BAHAN PERPIPAAN,Ganesha
Pipa PVC PARALON S-100 - dia 110mm,bt,121000.00,BAHAN PERPIPAAN,Ganesha
Pipa PVC PARALON S-100 - dia 140mm,bt,150150.00,BAHAN PERPIPAAN,Ganesha
Pipa PVC PARALON S-100 - dia 160mm,bt,181500.00,BAHAN PERPIPAAN,Ganesha
Pipa PVC MASPION ABU dia. 1/2" (AW),bt,19833.00,BAHAN PERPIPAAN,Ganesha
Pipa PVC MASPION ABU dia. 3/4" (AW),bt,23500.00,BAHAN PERPIPAAN,Ganesha
Pipa PVC MASPION ABU dia. 1" (AW),bt,29833.00,BAHAN PERPIPAAN,Ganesha
Pipa PVC MASPION ABU dia. 1 1/4" (AW),bt,413333.00,BAHAN PERPIPAAN,Ganesha
Pipa PVC MASPION ABU dia. 1 1/2" (AW),bt,54417.00,BAHAN PERPIPAAN,Ganesha
Pipa PVC MASPION ABU dia. 2" (AW),bt,81500.00,BAHAN PERPIPAAN,Ganesha
Pipa PVC MASPION ABU dia. 2 1/2" (AW),bt,106167.00,BAHAN PERPIPAAN,Ganesha
Pipa PVC MASPION ABU dia. 3" (AW),bt,149667.00,BAHAN PERPIPAAN,Ganesha
Pipa PVC MASPION ABU dia. 4" (AW),bt,213667.00,BAHAN PERPIPAAN,Ganesha
Reducer all socket dia 50x32,bh,7260.00,BAHAN PERPIPAAN,Ganesha
Reducer all socket dia 63x32,bh,15070.00,BAHAN PERPIPAAN,Ganesha
Reducer all socket dia 63x50,bh,20570.00,BAHAN PERPIPAAN,Ganesha
Reducer all socket dia 90x50,bh,48400.00,BAHAN PERPIPAAN,Ganesha
Reducer all socket dia 90x63,bh,70070.00,BAHAN PERPIPAAN,Ganesha
Reducer all socket dia 110x63,bh,101530.00,BAHAN PERPIPAAN,Ganesha
Reducer all socket dia 110x90,bh,118470.00,BAHAN PERPIPAAN,Ganesha
Reducer all socket dia 160x110,bh,198220.00,BAHAN PERPIPAAN,Ganesha
Reducer all socket dia 200x160,bh,3547500.00,BAHAN PERPIPAAN,Ganesha
Reducer all socket dia 250x200,bh,446690.00,BAHAN PERPIPAAN,Ganesha
Reducer all socket dia 250x315,bh,831050.00,BAHAN PERPIPAAN,Ganesha
Pipa Slang PE dia 1/2",tb,3850.00,BAHAN PERPIPAAN,Ganesha
Pipa Slang PE dia 3/4",gl,5220.00,BAHAN PERPIPAAN,Ganesha
tutup pipa 2",m1,15070.00,BAHAN PERPIPAAN,Ganesha
Stop Kran 3/4" KIT,bh,147000.00,BAHAN SANITER,Ganesha
Stop Kran 1" KIT,bh,210000.00,BAHAN SANITER,Ganesha
Stop Kran 1 1/2" KIT,bh,325000.00,BAHAN SANITER,Ganesha
Stop Kran 2" KIT,bh,675000.00,BAHAN SANITER,Ganesha
Stop Kran 2 1/2" KIT,bh,989000.00,BAHAN SANITER,Ganesha
Stop Kran 3" KIT,bh,1300000.00,BAHAN SANITER,Ganesha
Check Valve 1/2",bh,79000.00,BAHAN SANITER,Ganesha
Double Neple 1/2",bh,10000.00,BAHAN SANITER,Ganesha
Water Mur 1/2",bh,20000.00,BAHAN SANITER,Ganesha
Gate Walve 1/2",bh,48000.00,BAHAN SANITER,Ganesha
Saringan Air Lt. KM Stainless Steel,bh,48000.00,BAHAN SANITER,Ganesha
Apoer Bath Tube,bh,115000.00,BAHAN SANITER,Ganesha
Floor drain SAN EI,bh,198000.00,BAHAN SANITER,Ganesha
Shower dengan tiang ,bh,232650.00,BAHAN SANITER,Ganesha
Shower tanpa tiang,bh,132990.00,BAHAN SANITER,Ganesha
Kran tembok sub eui dia. 1/2",bh,84700.00,BAHAN SANITER,Ganesha
Kran tembok ITAP dia.1/2",bh,55000.00,BAHAN SANITER,Ganesha
Kran Bebek Sun ei 1/2",bh,104500.00,BAHAN SANITER,Ganesha
Kran bebek ITAP 1/2",bh,93500.00,BAHAN SANITER,Ganesha
Kran Panas Dingin San Ei Standard,bh,312500.00,BAHAN SANITER,Ganesha
Bak Mandi Teraso,unit,125000.00,BAHAN SANITER,Ganesha
Tempat SABUN Poslin,bh,99100.00,BAHAN SANITER,Ganesha
Wastafel lengkap TOTO LW 211LJ,unit,1331000.00,BAHAN SANITER,Ganesha
Wastafel lengkap INA,unit,385000.00,BAHAN SANITER,Ganesha
Closet Jongkok Poslin warna standart,unit,385000.00,BAHAN SANITER,Ganesha
Closet Jongkok standard putih poslin standart,unit,181500.00,BAHAN SANITER,Ganesha
Closet Jongkok Teraso,unit,60500.00,BAHAN SANITER,Ganesha
Closet Duduk Warna Standard TOTO C 240 Lengkap,unit,1243334.00,BAHAN SANITER,Ganesha
Wastafel Bulat Warna Standard Lengkap TOTO,unit,1196900.00,BAHAN SANITER,Ganesha
Closet duduk warna standard lengkap INA,bh,1089000.00,BAHAN SANITER,Ganesha
Urinoir Lengkap TOTO warna standard lengkap,unit,1295000.00,BAHAN SANITER,Ganesha
Penyekat poslin urinoir TOTO,bh,396000.00,BAHAN SANITER,Ganesha
Kitchen Zink Stainless Standard Lokal (1 Lubang),bh,350000.00,BAHAN SANITER,Ganesha
Kitchen Zink Stainless Stainless Non Standard Franke (1 Lubang),bh,425000.00,BAHAN SANITER,Ganesha
Kitchen Zink Satinless Stainless Non Standard Franke (2 Lubang),bh,750000.00,BAHAN SANITER,Ganesha
Atap Plastik Gelombang 80x180,lbr,34938.00,BAHAN PENUTUP LUBANG,Ganesha
Atap Fiber Glass Tipis 80x180 (Gelombang),lbr,48520.00,BAHAN PENUTUP LUBANG,Ganesha
Atap Fiber Glass Tebal 80x180 (Gelombang),lbr,98010.00,BAHAN PENUTUP LUBANG,Ganesha
Atap Genteng Metal Zinkalum polos tebal 0.50mm,lbr,120000.00,BAHAN PENUTUP LUBANG,Ganesha
Atap Genteng Metal galvalum polos tebal 0.50mm,lbr,140000.00,BAHAN PENUTUP LUBANG,Ganesha
Atap Asbes Gelombang Kecil 4mm1.05x1.80,lbr,41750.00,BAHAN PENUTUP LUBANG,Ganesha
Atap Asbes Gelombang Besar 5mm 1.05x2.10,lbr,58080.00,BAHAN PENUTUP LUBANG,Ganesha
atap seng gelombang 0.80x1.80,lbr,60000.00,BAHAN PENUTUP LUBANG,Ganesha
atap seng gelombang 1.05x2.40,lbr,67500.00,BAHAN PENUTUP LUBANG,Ganesha
Alumunium Foile,roll,217800.00,BAHAN PENUTUP LUBANG,Ganesha
Atap genteng Plentong pres bakar KW1 ex Jatiwangi,bh,1600.00,BAHAN PENUTUP LUBANG,Ganesha
Atap genteng plentong super glazur ex jatiwangi,bh,2200.00,BAHAN PENUTUP LUBANG,Ganesha
Atap genteng flam pres Molen Oven ex Jatiwangi,bh,2000.00,BAHAN PENUTUP LUBANG,Ganesha
Bubung Genteng pres bulat ex jatiwangi,bh,5220.00,BAHAN PENUTUP LUBANG,Ganesha
genteng bubungan ex jatiwangi segitiga,bh,4730.00,BAHAN PENUTUP LUBANG,Ganesha
genteng bubungan beton nusantara rengganis,bh,4200.00,BAHAN PENUTUP LUBANG,Ganesha
Bubungan genteng Metal (rainbow roof),bh,82500.00,BAHAN PENUTUP LUBANG,Ganesha
bubungan genteng metal sakura,bh,104500.00,BAHAN PENUTUP LUBANG,Ganesha
nok steel gelombang 0.92m,lbr,33270.00,BAHAN PENUTUP LUBANG,Ganesha
nok steel gelombang 1.05m,lbr,33270.00,BAHAN PENUTUP LUBANG,Ganesha
nok steel rata 1.10m,lbr,26000.00,BAHAN PENUTUP LUBANG,Ganesha
nok steel rata 0.92m,lbr,40000.00,BAHAN PENUTUP LUBANG,Ganesha
atap genteng keramik warna standart KIA,bh,6500.00,BAHAN PENUTUP LUBANG,Ganesha
atap genteng warna khusu KIA,bh,10675.00,BAHAN PENUTUP LUBANG,Ganesha
"atap genteng beton warna 14,5/m2",m2,106370.00,BAHAN PENUTUP LUBANG,Ganesha
genteng beton natural,m2,100210.00,BAHAN PENUTUP LUBANG,Ganesha
atap alumunium ULR 7 920x0.50,m2,124900.00,BAHAN PENUTUP LUBANG,Ganesha
Roof Mesh,m2,2178000.00,BAHAN PENUTUP LUBANG,Ganesha
"Genteng Keramik Glasur Standard 14,5/m2",m2,95800.00,BAHAN PENUTUP LUBANG,Ganesha
"Genteng Keramik Glasur Special 14,5/m2",m2,136000.00,BAHAN PENUTUP LUBANG,Ganesha
"Genteng Keramik Glasur Premium 14,5/m2",m2,151000.00,BAHAN PENUTUP LUBANG,Ganesha
Nok Atap alumunium,m2,71060.00,BAHAN PENUTUP LUBANG,Ganesha
Atap genteng asbes 0.85x1.15,lbr,25000.00,BAHAN PENUTUP LUBANG,Ganesha
Bubung Murando Natural,bh,6000.00,BAHAN PENUTUP LUBANG,Ganesha
Bubung Murando Glasur,bh,8050.00,BAHAN PENUTUP LUBANG,Ganesha
Twinlite 2.10x11.80,bh,2437000.00,BAHAN PENUTUP LUBANG,Ganesha
Jockey Pump kap.80gln/ menit 100m1 (18.6Kw),unit,53909900.00,BAHAN MEKANIKAL,Ganesha
Electrical Pump kap. 750gln/ menit 120 m1 (90Kw),unit,197669500.00,BAHAN MEKANIKAL,Ganesha
Diesel Pump kap. 750gln/ menit 120m1 (105kW),unit,385070400.00,BAHAN MEKANIKAL,Ganesha
Presure Tank kap. 500liter lengkap,unit,26955000.00,BAHAN MEKANIKAL,Ganesha
Hydran Box dalam gedung (lengkap),unit,5006000.00,BAHAN MEKANIKAL,Ganesha
Fire House 1.5x30m + nose,unit,3850800.00,BAHAN MEKANIKAL,Ganesha
Exhouse Fan H 600W 60x60cm,unit,1378600.00,BAHAN MEKANIKAL,Ganesha
Exhouse Fan H 350 W CFM 50x50cm,unit,911800.00,BAHAN MEKANIKAL,Ganesha
Exhouse Fan H145 W 45x45cm,unit,694500.00,BAHAN MEKANIKAL,Ganesha
AC Split 3PK setara TOSHIBA,unit,11937700.00,BAHAN MEKANIKAL,Ganesha
AC Split 2PK setara TOSHIBA Plasma,unit,7617900.00,BAHAN MEKANIKAL,Ganesha
AC Split 1PK setara TOSHIBA Plasma,unit,4071800.00,BAHAN MEKANIKAL,Ganesha
Mesin AC Split TOSHIBA (Indoor/ Outdoor Unit),1BTU,2200.00,BAHAN MEKANIKAL,Ganesha
Kabel NYA 1x1.5 Prima (1roll=50m'),roll,247500.00,BAHAN ELEKTRICAL,Ganesha
Kabel NYA 1x2.5 Prima (1roll=50m'),roll,336400.00,BAHAN ELEKTRICAL,Ganesha
Kabel NYA 2x1.5 Prima (1roll=50m'),m',4300.00,BAHAN ELEKTRICAL,Ganesha
Kabel NYA 3x1.5 Prima (1roll=50m'),m',5600.00,BAHAN ELEKTRICAL,Ganesha
Kabel NYA 2x2.5 Prima (1roll=50m'),m',6000.00,BAHAN ELEKTRICAL,Ganesha
Kabel NYA 3x2.5 Prima (1roll=50m'),m',8000.00,BAHAN ELEKTRICAL,Ganesha
Kabel NYA 4x2.5 Prima (1roll=50m'),m',10200.00,BAHAN ELEKTRICAL,Ganesha
Kabl NYA 2x4 Prima (1roll=50m'),m',11700.00,BAHAN ELEKTRICAL,Ganesha
Kabel NYA 3x4 Prima (1 roll=50m'),m',15500.00,BAHAN ELEKTRICAL,Ganesha
Kabel NYA 4x4 Prima (1 roll=50m'),m',19900.00,BAHAN ELEKTRICAL,Ganesha
Kabel NYM 2x6 Supreme (1roll=50m'),m',15400.00,BAHAN ELEKTRICAL,Ganesha
Kabel NYM 3x6 Supreme (1roll=50m'),m',19900.00,BAHAN ELEKTRICAL,Ganesha
Kabel NYM 4x6 Supreme (1roll=50m'),m',30000.00,BAHAN ELEKTRICAL,Ganesha
Kabel NYM 2x10 Supreme (1roll=50m'),m',26000.00,BAHAN ELEKTRICAL,Ganesha
Kabel NYM 3x10 Supreme (1roll=50m'),m',37400.00,BAHAN ELEKTRICAL,Ganesha
Kabel NYM 4x10 Supreme (1roll=50m'),m',49400.00,BAHAN ELEKTRICAL,Ganesha
Kabel NYM 4x16 Supreme (1roll=50m'),m',82800.00,BAHAN ELEKTRICAL,Ganesha
Kabel NYM 2x4 Supreme (1roll=50m'),m',13400.00,BAHAN ELEKTRICAL,Ganesha
Kabel NYM 3x4 Supreme (1roll=50m'),m',18100.00,BAHAN ELEKTRICAL,Ganesha
Kabel NYM 4x4 Supreme (1roll=50m'),m',23600.00,BAHAN ELEKTRICAL,Ganesha
Kabel NYM 2x6 Supreme (1roll=50m'),m',18100.00,BAHAN ELEKTRICAL,Ganesha
Kabel NYM 3x6 Supreme (1roll=50m'),m',25000.00,BAHAN ELEKTRICAL,Ganesha
Kabel NYM 4x6 Supreme (1roll=50m'),m',33200.00,BAHAN ELEKTRICAL,Ganesha
Kabel NYM 2x10 Supreme (1roll=50m'),m',28400.00,BAHAN ELEKTRICAL,Ganesha
Kabel NYM 3x10 Supreme (1roll=50m'),m',41000.00,BAHAN ELEKTRICAL,Ganesha
Kabel NYM 4x10 Supreme (1 roll = 50m) ,m',52800.00,BAHAN ELEKTRICAL,Ganesha
Kabel NYM 4x16 Supreme (1 roll = 50m) ,m',87900.00,BAHAN ELEKTRICAL,Ganesha
NSFB FUJI EA - 100A,bh,778000.00,BAHAN ELEKTRICAL,Ganesha
NSFB FUJI EA - 150A,bh,2001000.00,BAHAN ELEKTRICAL,Ganesha
Rumah Panel 30x40x20 (Kosong) ,Unit,229000.00,BAHAN ELEKTRICAL,Ganesha
Skring Kas 2 Group Biasa ,Unit,32000.00,BAHAN ELEKTRICAL,Ganesha
Skring Kas 3 Group Biasa ,Unit,55000.00,BAHAN ELEKTRICAL,Ganesha
Skring Kas 5 Group Biasa ,Unit,400000.00,BAHAN ELEKTRICAL,Ganesha
MCB 1 PHASE ,bh,44000.00,BAHAN ELEKTRICAL,Ganesha
MCB 3 PHASE ,bh,73000.00,BAHAN ELEKTRICAL,Ganesha
Tahanan 50A Merk Fuji ,bh,451000.00,BAHAN ELEKTRICAL,Ganesha
Saklar Broko Tunggal Standart (1 phase) ,bh,11700.00,BAHAN ELEKTRICAL,Ganesha
Saklar Broko Seri Standart (1 phase) ,bh,16300.00,BAHAN ELEKTRICAL,Ganesha
Stop Kontak Broko Standart (1phase) ,bh,13000.00,BAHAN ELEKTRICAL,Ganesha
Stop Kontak Broco 3 phase (Out Bow) ,bh,82200.00,BAHAN ELEKTRICAL,Ganesha
Stop Kontak Broco 3 phase (In Bow) ,bh,82200.00,BAHAN ELEKTRICAL,Ganesha
Stop Kontak Broco 3 phase,bh,63700.00,BAHAN ELEKTRICAL,Ganesha
Instalasi titik Lampu / Stop Kontak (upah dan alat) ,ttk,140000.00,BAHAN ELEKTRICAL,Ganesha
Lampu Pijar 25 Watt s/d 100 watt ,bh,3700.00,BAHAN ELEKTRICAL,Ganesha
Lampu Neon TL Phillip 20W,bh,10600.00,BAHAN ELEKTRICAL,Ganesha
Lampu Neon TL Phillip 40W,bh,12800.00,BAHAN ELEKTRICAL,Ganesha
Trafo TL 20W (phillip) ,bh,30100.00,BAHAN ELEKTRICAL,Ganesha
Trafo TL 40W (phillip) ,bh,30100.00,BAHAN ELEKTRICAL,Ganesha
Trafo TL 20W (Sinar) ,bh,27900.00,BAHAN ELEKTRICAL,Ganesha
Trafo TL 40W (Sinar) ,bh,27900.00,BAHAN ELEKTRICAL,Ganesha
Stater Neon Phillips,bh,4500.00,BAHAN ELEKTRICAL,Ganesha
Stater Neon Biasa ,bh,2700.00,BAHAN ELEKTRICAL,Ganesha
Rumah TL in Bow/Out Bow 2x20 W (Kosongan) ,bh,107600.00,BAHAN ELEKTRICAL,Ganesha
Downlight + SL 25 W Phillips,bh,37100.00,BAHAN ELEKTRICAL,Ganesha
Lampu SL Phillips 20W,bh,32500.00,BAHAN ELEKTRICAL,Ganesha
Lampu Sirkel TL 20W Lengkap ,bh,21000.00,BAHAN ELEKTRICAL,Ganesha
Lampu Mercuri 80W,bh,31300.00,BAHAN ELEKTRICAL,Ganesha
Lampu Taman + tiang + Lampu 1 Buah,bh,182800.00,BAHAN ELEKTRICAL,Ganesha
Lampu Baret 30cm + Neon ,bh,158500.00,BAHAN ELEKTRICAL,Ganesha
Lampu Neon Acrilic 2x40W Lengkap ,bh,352600.00,BAHAN ELEKTRICAL,Ganesha
Jarum Penangkal Petir 16,bh,34800.00,BAHAN ELEKTRICAL,Ganesha
Kawat BC (tembaga),kg,81000.00,BAHAN ELEKTRICAL,Ganesha
Jarum Penangkal Petir,ttk,335200.00,BAHAN ELEKTRICAL,Ganesha
Petanahan Panel ,ttk,445000.00,BAHAN ELEKTRICAL,Ganesha
Kunci Silinder ALFA untuk Alumunium ,bh,330000.00,BAHAN ALAT PENGGANTUNG DAN KUNCI ,Ganesha
Tarikan Pintu Alumunium ,bh,225000.00,BAHAN ALAT PENGGANTUNG DAN KUNCI ,Ganesha
kunci silinder AKN untuk pintu alumunium,bh,396000.00,BAHAN ALAT PENGGANTUNG DAN KUNCI ,Ganesha
Rel Henderson Lengkap ,bh,247000.00,BAHAN ALAT PENGGANTUNG DAN KUNCI ,Ganesha
Rel Maraton/ Pintu ,bh,203500.00,BAHAN ALAT PENGGANTUNG DAN KUNCI ,Ganesha
Kunci 2 Slagg Silinder SEIS asli Type 210 s/d 226 ,bh,175000.00,BAHAN ALAT PENGGANTUNG DAN KUNCI ,Ganesha
Kunci 2 Slagg Ancor Asli ,bh,150000.00,BAHAN ALAT PENGGANTUNG DAN KUNCI ,Ganesha
kunci pintu union/Royal tipe besar,bh,90000.00,BAHAN ALAT PENGGANTUNG DAN KUNCI ,Ganesha
kunci pintu union/Royal tipe kecil,bh,75000.00,BAHAN ALAT PENGGANTUNG DAN KUNCI ,Ganesha
kunci pintu cap kuda terbang type besar,bh,80000.00,BAHAN ALAT PENGGANTUNG DAN KUNCI ,Ganesha
kunci pintu cap kuda terbang type kecil,bh,65000.00,BAHAN ALAT PENGGANTUNG DAN KUNCI ,Ganesha
kunci pintu SES type besar,bh,225000.00,BAHAN ALAT PENGGANTUNG DAN KUNCI ,Ganesha
kunci pintu SES type kecil,bh,165000.00,BAHAN ALAT PENGGANTUNG DAN KUNCI ,Ganesha
kunci pintu kamar mandi / WC alpha,ps,125000.00,BAHAN ALAT PENGGANTUNG DAN KUNCI ,Ganesha
Grendel tanam pintu ganda (espagnolet),bh,45000.00,BAHAN ALAT PENGGANTUNG DAN KUNCI ,Ganesha
grendel jendela biasa 15cm,bh,15000.00,BAHAN ALAT PENGGANTUNG DAN KUNCI ,Ganesha
grendel jendela biasa 5cm,ps,6500.00,BAHAN ALAT PENGGANTUNG DAN KUNCI ,Ganesha
hak angin kait biasa,ps,12500.00,BAHAN ALAT PENGGANTUNG DAN KUNCI ,Ganesha
hak angin jendela antik,bh,17500.00,BAHAN ALAT PENGGANTUNG DAN KUNCI ,Ganesha
jendela nako lengkap teralis 1 daun,dn,35000.00,BAHAN ALAT PENGGANTUNG DAN KUNCI ,Ganesha
grendel pintu biasa,bh,10000.00,BAHAN ALAT PENGGANTUNG DAN KUNCI ,Ganesha
slot pintu berikut rantai,bh,12500.00,BAHAN ALAT PENGGANTUNG DAN KUNCI ,Ganesha
slot jendela tunggal,bh,10000.00,BAHAN ALAT PENGGANTUNG DAN KUNCI ,Ganesha
Engsel Pintu Nylon 4",ps,25000.00,BAHAN ALAT PENGGANTUNG DAN KUNCI ,Ganesha
Engsel Pintu Nylon 3",ps,22500.00,BAHAN ALAT PENGGANTUNG DAN KUNCI ,Ganesha
Engsel Jendela biasa,ps,17500.00,BAHAN ALAT PENGGANTUNG DAN KUNCI ,Ganesha
Engsel Angin,ps,35750.00,BAHAN ALAT PENGGANTUNG DAN KUNCI ,Ganesha
Tarikan Lemari Rata 2,bh,45000.00,BAHAN ALAT PENGGANTUNG DAN KUNCI ,Ganesha
Door Stop Type 013/GP,bh,35000.00,BAHAN ALAT PENGGANTUNG DAN KUNCI ,Ganesha
Door Stop Type 013/S,bh,26400.00,BAHAN ALAT PENGGANTUNG DAN KUNCI ,Ganesha
Door Stop Type 013/US3,bh,19500.00,BAHAN ALAT PENGGANTUNG DAN KUNCI ,Ganesha
Door Closer,bh,325000.00,BAHAN ALAT PENGGANTUNG DAN KUNCI ,Ganesha
"Hotmix jadi Berikut alat dan bahan bakar (T=5cm, 9m2)",ton,1200000.00,BAHAN PENGIKAT UNTUK KONSTRUKSI JALAN,Ganesha
Aspal Drum 155Kg,kg,1500000.00,BAHAN PENGIKAT UNTUK KONSTRUKSI JALAN,Ganesha
Aspal Curah,kg,8500.00,BAHAN PENGIKAT UNTUK KONSTRUKSI JALAN,Ganesha
Aspal Emulsi,kg,26900.00,BAHAN PENGIKAT UNTUK KONSTRUKSI JALAN,Ganesha
Pompa Kodok,unit,275000.00,BAHAN PENGHISAP AIR SUMUR DALAM,Ganesha
Pompa tangan lokal,unit,385000.00,BAHAN PENGHISAP AIR SUMUR DALAM,Ganesha
Pompa tangan luar,unit,968000.00,BAHAN PENGHISAP AIR SUMUR DALAM,Ganesha
Mesin Pompa Air 100W-Sanyo,unit,1760000.00,BAHAN PENGHISAP AIR SUMUR DALAM,Ganesha
Mesin Pompa Air 150W-Sanyo,unit,2475000.00,BAHAN PENGHISAP AIR SUMUR DALAM,Ganesha
Mesin Pompa Air 250W-Sanyo,unit,6050000.00,BAHAN PENGHISAP AIR SUMUR DALAM,Ganesha
Mesin Pompa Air 450W-Sanyo,unit,8250000.00,BAHAN PENGHISAP AIR SUMUR DALAM,Ganesha
Pompa Submersible Kap. 150liter / menit 3kW,unit,32432000.00,BAHAN PENGHISAP AIR SUMUR DALAM,Ganesha
Gear Pump kap. 60liter/menit,unit,18532600.00,BAHAN PENGHISAP AIR SUMUR DALAM,Ganesha
Deep Well dengan kelengkapannya kap. 150liter/menit,unit,269820200.00,BAHAN PENGHISAP AIR SUMUR DALAM,Ganesha
Hand Oil Pump,unit,5560700.00,BAHAN PENGHISAP AIR SUMUR DALAM,Ganesha
Tangki Air Fiber Glass 500ltr (Penguin),bh,1000000.00,BAHAN PENAMPUNG AIR,Ganesha
Tangki Air Fiber Glass 1000ltr,bh,1467070.00,BAHAN PENAMPUNG AIR,Ganesha
Tangki Air Fiber Glass 1000ltr bulat,bh,1760440.00,BAHAN PENAMPUNG AIR,Ganesha
Tangki Air Fiber Glass 2000ltr bulat,bh,5868280.00,BAHAN PENAMPUNG AIR,Ganesha
Tangki Air Stainless 1500ltr,bh,3712500.00,BAHAN PENAMPUNG AIR,Ganesha
Tangki Air Stainless 500 ltr,bh,2062500.00,BAHAN PENAMPUNG AIR,Ganesha
Panel Beton Dinding Berongga type 1000.05.8,m2,196920.00,BETON PRACETAK,Ganesha
Half Slab type 80.05.5,m2,130310.00,BETON PRACETAK,Ganesha
Pagar Beton Pracetak panel 240.40.5,lbr,73200.00,BETON PRACETAK,Ganesha
H-Beam 260,btg,177200.00,BETON PRACETAK,Ganesha
H-Beam 300,btg,204970.00,BETON PRACETAK,Ganesha
H-Beam 340,btg,232800.00,BETON PRACETAK,Ganesha
H-Beam 360,btg,246710.00,BETON PRACETAK,Ganesha
H-Beam 380,btg,260630.00,BETON PRACETAK,Ganesha
H-Beam 420,btg,288460.00,BETON PRACETAK,Ganesha
Pondasi Straust dia 40-150,titik,239390.00,BETON PRACETAK,Ganesha
Pondasi Straust dia 40-200,titik,318470.00,BETON PRACETAK,Ganesha
"Palu 0,5kg",bh,76350.00,ALAT TUKANG,Ganesha
Cangkul,bh,52460.00,ALAT TUKANG,Ganesha
Singkup,bh,76160.00,ALAT TUKANG,Ganesha
Sekrop,bh,99000.00,ALAT TUKANG,Ganesha
Pengki,bh,9780.00,ALAT TUKANG,Ganesha
Linggis,bh,56130.00,ALAT TUKANG,Ganesha
Rool Meter 30 Meter,bh,185900.00,ALAT TUKANG,Ganesha
Rool Meter 5-10 Meter ,bh,21500.00,ALAT TUKANG,Ganesha
"Selang Plastik untuk Water Pas dia. 0,5cm",m',2500.00,ALAT TUKANG,Ganesha
Water Pas Aluminium 60 cm,bh,61300.00,ALAT TUKANG,Ganesha
Buldozer 100-150HP,hari,386810.00,"STANDARD RATA-RATA SEWA ALAT BESAR, ALAT MEKANIK TRUK, KENDARAAN RODA 4 DAN LAINNYA",Ganesha
Buldozer 65HP,hari,244720.00,"STANDARD RATA-RATA SEWA ALAT BESAR, ALAT MEKANIK TRUK, KENDARAAN RODA 5 DAN LAINNYA",Ganesha
Motor Grader,hari,295870.00,"STANDARD RATA-RATA SEWA ALAT BESAR, ALAT MEKANIK TRUK, KENDARAAN RODA 6 DAN LAINNYA",Ganesha
Excavator Hydr 1.0m3,hari,167130.00,"STANDARD RATA-RATA SEWA ALAT BESAR, ALAT MEKANIK TRUK, KENDARAAN RODA 7 DAN LAINNYA",Ganesha
Crusher / Scr 30 t/h 185HP,hari,499840.00,"STANDARD RATA-RATA SEWA ALAT BESAR, ALAT MEKANIK TRUK, KENDARAAN RODA 8 DAN LAINNYA",Ganesha
Crusher / Scr 20 t/h 95HP,hari,342810.00,"STANDARD RATA-RATA SEWA ALAT BESAR, ALAT MEKANIK TRUK, KENDARAAN RODA 9 DAN LAINNYA",Ganesha
Crusher / Scr 10 t/h 15HP,hari,172780.00,"STANDARD RATA-RATA SEWA ALAT BESAR, ALAT MEKANIK TRUK, KENDARAAN RODA 10 DAN LAINNYA",Ganesha
Screening Plant 80HP,hari,204730.00,"STANDARD RATA-RATA SEWA ALAT BESAR, ALAT MEKANIK TRUK, KENDARAAN RODA 11 DAN LAINNYA",Ganesha
Loaded Tracked 135HP,hari,405920.00,"STANDARD RATA-RATA SEWA ALAT BESAR, ALAT MEKANIK TRUK, KENDARAAN RODA 12 DAN LAINNYA",Ganesha
Loaded Wheeled 115HP,hari,381640.00,"STANDARD RATA-RATA SEWA ALAT BESAR, ALAT MEKANIK TRUK, KENDARAAN RODA 13 DAN LAINNYA",Ganesha
Tracktor Wheel 60HP,jam,100710.00,"STANDARD RATA-RATA SEWA ALAT BESAR, ALAT MEKANIK TRUK, KENDARAAN RODA 14 DAN LAINNYA",Ganesha
Roller 3 Wheel 6-8 ton,jam,94210.00,"STANDARD RATA-RATA SEWA ALAT BESAR, ALAT MEKANIK TRUK, KENDARAAN RODA 15 DAN LAINNYA",Ganesha
Tandem Roller 6-10 ton,jam,141620.00,"STANDARD RATA-RATA SEWA ALAT BESAR, ALAT MEKANIK TRUK, KENDARAAN RODA 16 DAN LAINNYA",Ganesha
Self Vibrator roller 6-7 ton,jam,179080.00,"STANDARD RATA-RATA SEWA ALAT BESAR, ALAT MEKANIK TRUK, KENDARAAN RODA 17 DAN LAINNYA",Ganesha
Roller Towed Vibrator,jam,71420.00,"STANDARD RATA-RATA SEWA ALAT BESAR, ALAT MEKANIK TRUK, KENDARAAN RODA 18 DAN LAINNYA",Ganesha
Pneumatic Roller 8-15 ton,jam,238060.00,"STANDARD RATA-RATA SEWA ALAT BESAR, ALAT MEKANIK TRUK, KENDARAAN RODA 19 DAN LAINNYA",Ganesha
Roller Vibrator Ped1ton,jam,52570.00,"STANDARD RATA-RATA SEWA ALAT BESAR, ALAT MEKANIK TRUK, KENDARAAN RODA 20 DAN LAINNYA",Ganesha
Plate Vibrator 4HP,hari,14020.00,"STANDARD RATA-RATA SEWA ALAT BESAR, ALAT MEKANIK TRUK, KENDARAAN RODA 21 DAN LAINNYA",Ganesha
Chip Spraeder 3 ton,hari,31790.00,"STANDARD RATA-RATA SEWA ALAT BESAR, ALAT MEKANIK TRUK, KENDARAAN RODA 22 DAN LAINNYA",Ganesha
Sprayer self propelled 4000 ltr,hari,268600.00,"STANDARD RATA-RATA SEWA ALAT BESAR, ALAT MEKANIK TRUK, KENDARAAN RODA 23 DAN LAINNYA",Ganesha
Sprayer self propelled 1000 ltr,hari,87260.00,"STANDARD RATA-RATA SEWA ALAT BESAR, ALAT MEKANIK TRUK, KENDARAAN RODA 24 DAN LAINNYA",Ganesha
Asphalt spayer towed 400 ltr,hari,36010.00,"STANDARD RATA-RATA SEWA ALAT BESAR, ALAT MEKANIK TRUK, KENDARAAN RODA 25 DAN LAINNYA",Ganesha
Asphalt mixing plant 30 t/h,hari,954160.00,"STANDARD RATA-RATA SEWA ALAT BESAR, ALAT MEKANIK TRUK, KENDARAAN RODA 26 DAN LAINNYA",Ganesha
Asphalt finisher 1.82m,hari,171606.00,"STANDARD RATA-RATA SEWA ALAT BESAR, ALAT MEKANIK TRUK, KENDARAAN RODA 27 DAN LAINNYA",Ganesha
Water Tank truck 115HP,hari,193430.00,"STANDARD RATA-RATA SEWA ALAT BESAR, ALAT MEKANIK TRUK, KENDARAAN RODA 28 DAN LAINNYA",Ganesha
Dump truck 3.5 ton,hari,172030.00,"STANDARD RATA-RATA SEWA ALAT BESAR, ALAT MEKANIK TRUK, KENDARAAN RODA 29 DAN LAINNYA",Ganesha
Dump truck 5.0 ton,hari,379030.00,"STANDARD RATA-RATA SEWA ALAT BESAR, ALAT MEKANIK TRUK, KENDARAAN RODA 30 DAN LAINNYA",Ganesha
Dump truck 8.0 ton,hari,261110.00,"STANDARD RATA-RATA SEWA ALAT BESAR, ALAT MEKANIK TRUK, KENDARAAN RODA 31 DAN LAINNYA",Ganesha
Flat bed truck 3.5 ton,hari,160030.00,"STANDARD RATA-RATA SEWA ALAT BESAR, ALAT MEKANIK TRUK, KENDARAAN RODA 32 DAN LAINNYA",Ganesha
Flat bed truck 5.0 ton,hari,216160.00,"STANDARD RATA-RATA SEWA ALAT BESAR, ALAT MEKANIK TRUK, KENDARAAN RODA 33 DAN LAINNYA",Ganesha
Flat bed truck with crane 5.0 ton,hari,234110.00,"STANDARD RATA-RATA SEWA ALAT BESAR, ALAT MEKANIK TRUK, KENDARAAN RODA 34 DAN LAINNYA",Ganesha
Concrete mixer 0.125 m3,hari,10980.00,"STANDARD RATA-RATA SEWA ALAT BESAR, ALAT MEKANIK TRUK, KENDARAAN RODA 35 DAN LAINNYA",Ganesha
Concrete mixer 0.25 m3,hari,18450.00,"STANDARD RATA-RATA SEWA ALAT BESAR, ALAT MEKANIK TRUK, KENDARAAN RODA 36 DAN LAINNYA",Ganesha
Concrete mixer 0.5 m3,hari,36870.00,"STANDARD RATA-RATA SEWA ALAT BESAR, ALAT MEKANIK TRUK, KENDARAAN RODA 37 DAN LAINNYA",Ganesha
Compressor air,hari,85580.00,"STANDARD RATA-RATA SEWA ALAT BESAR, ALAT MEKANIK TRUK, KENDARAAN RODA 38 DAN LAINNYA",Ganesha
Generator 3-5Kva,hari,21000.00,"STANDARD RATA-RATA SEWA ALAT BESAR, ALAT MEKANIK TRUK, KENDARAAN RODA 39 DAN LAINNYA",Ganesha
Water pump D 5cm - 30 m3/hr,hari,14090.00,"STANDARD RATA-RATA SEWA ALAT BESAR, ALAT MEKANIK TRUK, KENDARAAN RODA 40 DAN LAINNYA",Ganesha
Water pump D 10cm - 40 m3/hr,hari,27560.00,"STANDARD RATA-RATA SEWA ALAT BESAR, ALAT MEKANIK TRUK, KENDARAAN RODA 41 DAN LAINNYA",Ganesha
Jack Hammer Equipment,hari,8900.00,"STANDARD RATA-RATA SEWA ALAT BESAR, ALAT MEKANIK TRUK, KENDARAAN RODA 42 DAN LAINNYA",Ganesha
Blower,hari,7240.00,"STANDARD RATA-RATA SEWA ALAT BESAR, ALAT MEKANIK TRUK, KENDARAAN RODA 43 DAN LAINNYA",Ganesha
Aplicator Thermoplastic,hari,22220.00,"STANDARD RATA-RATA SEWA ALAT BESAR, ALAT MEKANIK TRUK, KENDARAAN RODA 44 DAN LAINNYA",Ganesha
Crane,hari,217440.00,"STANDARD RATA-RATA SEWA ALAT BESAR, ALAT MEKANIK TRUK, KENDARAAN RODA 45 DAN LAINNYA",Ganesha
Hidraulik Jacking,hari,1557430.00,"STANDARD RATA-RATA SEWA ALAT BESAR, ALAT MEKANIK TRUK, KENDARAAN RODA 46 DAN LAINNYA",Ganesha
Alat ukur infra merah,hari,26570.00,"STANDARD RATA-RATA SEWA ALAT BESAR, ALAT MEKANIK TRUK, KENDARAAN RODA 47 DAN LAINNYA",Ganesha
alat ukur theodolite,hari,12080.00,"STANDARD RATA-RATA SEWA ALAT BESAR, ALAT MEKANIK TRUK, KENDARAAN RODA 48 DAN LAINNYA",Ganesha
Bucket kanal kap. 1.3m3 lengkap,hari,8690.00,"STANDARD RATA-RATA SEWA ALAT BESAR, ALAT MEKANIK TRUK, KENDARAAN RODA 49 DAN LAINNYA",Ganesha
Minyak Tanah,ltr,0.00,BAHAN BAKAR DAN PELUMAS,Ganesha
Kayu Bakar dari Kayu Karet,m3,0.00,BAHAN BAKAR DAN PELUMAS,Ganesha
Bahan Bakar Residu,ltr,0.00,BAHAN BAKAR DAN PELUMAS,Ganesha
Minyak Solar,ltr,7500.00,BAHAN BAKAR DAN PELUMAS,Ganesha
Bensin Premium,ltr,0.00,BAHAN BAKAR DAN PELUMAS,Ganesha
Plus oil,ltr,0.00,BAHAN BAKAR DAN PELUMAS,Ganesha
Oli Mesran 40 SAE,ltr,0.00,BAHAN BAKAR DAN PELUMAS,Ganesha
Elpiji/Botol,12 kg,0.00,BAHAN BAKAR DAN PELUMAS,Ganesha
Asitilin / Botol,15.1 kg,0.00,BAHAN BAKAR DAN PELUMAS,Ganesha
Angin (02) / Botol,btl,0.00,BAHAN BAKAR DAN PELUMAS,Ganesha
Mesin las listrik,jam,45000.00,BAHAN BAKAR DAN PELUMAS,Ganesha
Karbit,m1,15000.00,BAHAN BAKAR DAN PELUMAS,Ganesha
Minyak Bekisting,ltr,50000.00,BAHAN BAKAR DAN PELUMAS,Ganesha
Print Spanduk,m2,90000.00,BAHAN BAKAR DAN PELUMAS,Ganesha
sealant,tube,27500.00,BAHAN BAKAR DAN PELUMAS,Ganesha
